project,commit_url,files_modified,found_in_both,vuln_commit,vuln_lines_added,vuln_lines_deleted,fix_commit,fix_lines_added,fix_lines_deleted,cve,cwe
acpica,https://github.com/acpica/acpica/commit/37f2c716f2c6ab14c3ba557a539c3ee3224931b5,source/components/namespace/nseval.c,No,b542af9a4caeb8397c08421d2a4f2f60952f9e79,1,1,37f2c716f2c6ab14c3ba557a539c3ee3224931b5,10,0,,
acpica,https://github.com/acpica/acpica/commit/987a3b5cf7175916e2a4b6ea5b8e70f830dfe732,source/components/dispatcher/dsutils.c,No,b542af9a4caeb8397c08421d2a4f2f60952f9e79,1,1,987a3b5cf7175916e2a4b6ea5b8e70f830dfe732,8,1,,
acpica,https://github.com/acpica/acpica/commit/a23325b2e583556eae88ed3f764e457786bf4df6,source/components/namespace/nsutils.c,No,521bedc49b42e59116de1b54dcd95d30d36cac90,4,4,a23325b2e583556eae88ed3f764e457786bf4df6,10,15,,
admesh,https://github.com/admesh/admesh/commit/e84d8353f1347e1f26f0a95770d92ba14e6ede38,src/connect.c,Yes,8ec09d23869d8931866a6879a31d999ea7a928cc,582314,367,e84d8353f1347e1f26f0a95770d92ba14e6ede38,7,4,CVE-2018-25033,CWE-125
advancecomp,https://github.com/amadvance/advancecomp/commit/78a56b21340157775be2462a19276b4d31d2bd01,lib/png.c,No,7deeafc02b29cc51d51079e66f4f43f986ff9cc5,26,11,78a56b21340157775be2462a19276b4d31d2bd01,17,2,,
advancecomp,https://github.com/amadvance/advancecomp/commit/7894a6e684ce68ddff9f4f4919ab8e3911ac8040,pngex.cc,No,78a56b21340157775be2462a19276b4d31d2bd01,17,2,7894a6e684ce68ddff9f4f4919ab8e3911ac8040,25,1,,
aircrack-ng,https://github.com/aircrack-ng/aircrack-ng/commit/88702a3ce4c28a973bf69023cd0312f412f6193e,src/osdep/network.c,No,da087238963c1239fdabd47dc1b65279605aca70,2,0,88702a3ce4c28a973bf69023cd0312f412f6193e,1,1,,
aircrack-ng,https://github.com/aircrack-ng/aircrack-ng/commit/da087238963c1239fdabd47dc1b65279605aca70,src/buddy-ng.c,No,091b153f294b9b695b0b2831e65936438b550d7b,2,0,da087238963c1239fdabd47dc1b65279605aca70,2,0,,
aircrack-ng,https://github.com/aircrack-ng/aircrack-ng/commit/091b153f294b9b695b0b2831e65936438b550d7b,src/aireplay-ng.c,No,ff70494dd389ba570dbdbf36f217c28d4381c6b5,1,1,091b153f294b9b695b0b2831e65936438b550d7b,2,0,,
aircrack-ng,https://github.com/aircrack-ng/aircrack-ng/commit/ff70494dd389ba570dbdbf36f217c28d4381c6b5,src/airodump-ng.c,No,4e18c0af8e73ea7717660fbbcc892ef2f1894490,9,0,ff70494dd389ba570dbdbf36f217c28d4381c6b5,1,1,,
aspell,https://github.com/GNUAspell/aspell/commit/80fa26c74279fced8d778351cff19d1d8f44fe4e,common/file_util.cpp;common/config.cpp;common/getdata.cpp,No,00f937e725211ce794c97b987413d4ea5ef7c7ff,28,4,80fa26c74279fced8d778351cff19d1d8f44fe4e,3,2,,
asylo,https://github.com/google/asylo/commit/8fed5e334131abaf9c5e17307642fbf6ce4a57ec,asylo/platform/host_call/trusted/host_calls.cc,Yes,6ff3b77ffe110a33a2f93848a6333f33616f02c4,4,3,8fed5e334131abaf9c5e17307642fbf6ce4a57ec,8,0,,
asylo,https://github.com/google/asylo/commit/299f804acbb95a612ab7c504d25ab908aa59ae93,asylo/platform/host_call/trusted/host_calls.cc,No,e582f36ac49ee11a21d23ad6a30c333092e0a94e,4,2,299f804acbb95a612ab7c504d25ab908aa59ae93,1,1,,
asylo,https://github.com/google/asylo/commit/fa6485c5d16a7355eab047d4a44345a73bc9131e,asylo/platform/host_call/trusted/host_calls.cc,Yes,6e158d558abd3c29a0208e30c97c9a8c5bd4230f,5,0,fa6485c5d16a7355eab047d4a44345a73bc9131e,5,0,,
asylo,https://github.com/google/asylo/commit/e582f36ac49ee11a21d23ad6a30c333092e0a94e,asylo/platform/primitives/sgx/ecalls.cc,No,bc3fdb4d7d9ec54cd6915481e98bfdb313c257e9,48,105,e582f36ac49ee11a21d23ad6a30c333092e0a94e,4,2,,
asylo,https://github.com/google/asylo/commit/b1d120a2c7d7446d2cc58d517e20a1b184b82200,asylo/platform/host_call/trusted/host_calls.cc,Yes,8fed5e334131abaf9c5e17307642fbf6ce4a57ec,8,0,b1d120a2c7d7446d2cc58d517e20a1b184b82200,6,1,,
asylo,https://github.com/google/asylo/commit/a37fb6a0e7daf30134dbbf357c9a518a1026aa02,asylo/platform/host_call/trusted/concurrency.cc,No,116b5aba9142558025b48b2c0e648bb765a557f8,24,25,a37fb6a0e7daf30134dbbf357c9a518a1026aa02,4,0,CVE-2020-8937,CWE-787
asylo,https://github.com/google/asylo/commit/ed0926bff0e423cd122a18b3d2fc772817f66825,asylo/platform/host_call/trusted/host_calls.cc,Yes,fa6485c5d16a7355eab047d4a44345a73bc9131e,5,0,ed0926bff0e423cd122a18b3d2fc772817f66825,6,0,CVE-2020-8935,CWE-295
asylo,https://github.com/google/asylo/commit/83036fd841d33baa7e039f842d131aa7881fdcc2,asylo/platform/primitives/sgx/trusted_sgx.cc,No,ed0926bff0e423cd122a18b3d2fc772817f66825,6,0,83036fd841d33baa7e039f842d131aa7881fdcc2,5,0,CVE-2020-8936,CWE-125
asylo,https://github.com/google/asylo/commit/90d7619e9dd99bcdb6cd28c7649d741d254d9a1a,asylo/platform/system_call/system_call.cc,No,b0413b7e1babb149a0467b924437b7cdc5313e57,294,307,90d7619e9dd99bcdb6cd28c7649d741d254d9a1a,3,0,CVE-2021-22552,CWE-125
asylo,https://github.com/google/asylo/commit/6ff3b77ffe110a33a2f93848a6333f33616f02c4,asylo/platform/host_call/trusted/host_calls.cc,No,bda9772e7872b0d2b9bee32930cf7a4983837b39,11,0,6ff3b77ffe110a33a2f93848a6333f33616f02c4,4,3,CVE-2020-8939,CWE-125
asylo,https://github.com/google/asylo/commit/6e158d558abd3c29a0208e30c97c9a8c5bd4230f,asylo/platform/host_call/trusted/host_calls.cc,No,6c407852ce7a71ca48634ecc4d35a7abbbde6b3b,149,49,6e158d558abd3c29a0208e30c97c9a8c5bd4230f,5,0,CVE-2020-8943,CWE-125
asylo,https://github.com/google/asylo/commit/bda9772e7872b0d2b9bee32930cf7a4983837b39,asylo/platform/system_call/type_conversions/manual_types_functions.cc,No,83036fd841d33baa7e039f842d131aa7881fdcc2,5,0,bda9772e7872b0d2b9bee32930cf7a4983837b39,11,0,CVE-2020-8938,CWE-787
asylo,https://github.com/google/asylo/commit/a47ef55db2337d29de19c50cd29b0deb2871d31c,asylo/platform/primitives/sgx/untrusted_cache_malloc.cc,No,808125885af1a8e211739bc84a9f8525e157d72a,1,1,a47ef55db2337d29de19c50cd29b0deb2871d31c,5,4,CVE-2021-22550,CWE-200
asylo,https://github.com/google/asylo/commit/ecfcd0008b6f8f63c6fa3cc1b62fcd4a52f2c0ad,asylo/platform/primitives/sgx/trusted_sgx.cc,No,e95fc9eddd497bdb2e08a1d9eff2f2bb008387e2,21,15,ecfcd0008b6f8f63c6fa3cc1b62fcd4a52f2c0ad,4,3,CVE-2021-22549,CWE-200
asylo,https://github.com/google/asylo/commit/382da2b8b09cbf928668a2445efb778f76bd9c8a,asylo/platform/primitives/sgx/ecalls.cc,No,c712eb94951a20b2f2559baf43d19b7ebaf282ab,36,0,382da2b8b09cbf928668a2445efb778f76bd9c8a,3,1,CVE-2020-8944,CWE-787
asylo,https://github.com/google/asylo/commit/53ed5d8fd8118ced1466e509606dd2f473707a5c,asylo/platform/primitives/sgx/trusted_sgx.cc,No,e73373f00ab2d85294cbb47898028577c1080c3e,119,28,53ed5d8fd8118ced1466e509606dd2f473707a5c,4,3,CVE-2021-22548,CWE-788
at-spi2-core,https://github.com/GNOME/at-spi2-core/commit/c2e87fe00b596dba20c9d57d406ab8faa744b15a,bus/at-spi-bus-launcher.c,No,43b8453d43ab56b7f717050f8102a4ebfcc1dcc7,8,2,c2e87fe00b596dba20c9d57d406ab8faa744b15a,1,1,,
atomicparsley,https://github.com/wez/atomicparsley/commit/d72ccf06c98259d7261e0f3ac4fd8717778782c1,.github/workflows/ci.yml;tests/issue-32.mp4;src/extracts.cpp;tests/test.sh,Yes,020176f688d9efec68f1ce1b100e052bff1cfc2e,3,12,d72ccf06c98259d7261e0f3ac4fd8717778782c1,17,1,CVE-2021-37232,CWE-787
atril,https://github.com/mate-desktop/atril/commit/f4291fd62f7dfe6460d2406a979ccfac0c68dd59,backend/comics/comics-document.c,No,3fa7dc556be3395ae5b3273568426beb4416bd40,2,2,f4291fd62f7dfe6460d2406a979ccfac0c68dd59,6,0,,
aubio,https://github.com/aubio/aubio/commit/b1559f4c9ce2b304d8d27ffdc7128b6795ca82e5,src/tempo/tempo.c,No,c4a8bc138e49de8b43fcd2221ef84dfa5073208f,3,3,b1559f4c9ce2b304d8d27ffdc7128b6795ca82e5,4,3,,
aubio,https://github.com/aubio/aubio/commit/eda95c9c22b4f0b466ae94c4708765eaae6e709e,src/spectral/filterbank.c,No,1029ac707264007902cff59ba44e1a7e226ab909,3,0,eda95c9c22b4f0b466ae94c4708765eaae6e709e,12,0,,
audiofile,https://github.com/antlarr/audiofile/commit/7d65f89defb092b63bcbc5d98349fb222ca73b3c,sfcommands/sfconvert.c,No,beacc44eb8cdf6d58717ec1a5103c5141f1b37f9,46,6,7d65f89defb092b63bcbc5d98349fb222ca73b3c,32,2,,
audiofile,https://github.com/antlarr/audiofile/commit/c48e4c6503f7dabd41f11d4c9c7b7f8960e7f2c0,libaudiofile/WAVE.cpp,No,b62c902dd258125cac86cd2df21fc898035a43d3,7,1,c48e4c6503f7dabd41f11d4c9c7b7f8960e7f2c0,6,0,,
audiofile,https://github.com/antlarr/audiofile/commit/2bbebc4aa0c847d59f42e291d99ad015e40c51c7,libaudiofile/modules/Module.cpp;libaudiofile/track.cpp;libaudiofile/modules/rebuffer.h;libaudiofile/g711.h;libaudiofile/pcm.c;libaudiofile/modules/Module.h;libaudiofile/Shared.h;libaudiofile/modules/ima.h;ChangeLog;libaudiofile/modules/G711.h;libaudiofile/data.c;libaudiofile/format.c;libaudiofile/audiofile.exports;libaudiofile/modules/PCM.h;libaudiofile/modules/ModuleState.cpp;libaudiofile/modules/MSADPCM.cpp;libaudiofile/util.cpp;libaudiofile/modules/pcm.c;libaudiofile/modules/MSADPCM.h;libaudiofile/modules/rebuffer.template;libaudiofile/openclose.cpp;libaudiofile/setup.c;libaudiofile/modules.h;libaudiofile/modules/FileModule.cpp;libaudiofile/Makefile.am;libaudiofile/debug.h;libaudiofile/modules/Makefile.am;libaudiofile/debug.c;libaudiofile/modules/adpcm.h;libaudiofile/util.h;libaudiofile/modules/pcm.h;libaudiofile/byteorder.h;libaudiofile/units.h;libaudiofile/track.h;libaudiofile/modules/IMA.h;libaudiofile/format.cpp;libaudiofile/modules/rebuffer.c;libaudiofile/data.cpp;libaudiofile/modules/ModuleState.h;libaudiofile/pcm.cpp;libaudiofile/modules/ima.c;libaudiofile/pcm.h;libaudiofile/modules/g711.c;libaudiofile/modules.c;libaudiofile/modules/FileModule.h;libaudiofile/modules/G711.cpp;libaudiofile/afinternal.h;libaudiofile/modules/SimpleModule.cpp;libaudiofile/modules/SimpleModule.h;libaudiofile/track.c;libaudiofile/AudioFormat.cpp;libaudiofile/modules/PCM.cpp;libaudiofile/modules/g711.h;libaudiofile/modules/msadpcm.c;libaudiofile/modules/msadpcm.h;libaudiofile/modules/IMA.cpp;libaudiofile/units.c,Yes,5843091e8c8d7ab85a1997b194f5b2da9120bb9f,1783,1657,2bbebc4aa0c847d59f42e291d99ad015e40c51c7,4333,6099,,
augeas,https://github.com/hercules-team/augeas/commit/051c73a9a7ffe9e525f6f0a1b8f5198ff8cc6752,tests/test-preserve.sh;src/transform.c,Yes,64244e867cd979435218a72a325c12fc2e477ab3,7,9,051c73a9a7ffe9e525f6f0a1b8f5198ff8cc6752,24,1,,
autotrace,https://github.com/autotrace/autotrace/commit/e96bffadc25ff0ba0e10745f8012efcc5f920ea9,src/input-bmp.c,No,b4affb90ffba014149a481f3d7cb431dd7d58af1,15,0,e96bffadc25ff0ba0e10745f8012efcc5f920ea9,1,1,CVE-2022-32323,CWE-787
barebox,https://github.com/saschahauer/barebox/commit/0a9f9a7410681e55362f8311537ebc7be9ad0fbe,crypto/digest.c,No,610db8d457fe7f479e93fb4d88e869792133f9d5,109,0,0a9f9a7410681e55362f8311537ebc7be9ad0fbe,5,2,CVE-2021-37847,CWE-200
barebox,https://github.com/saschahauer/barebox/commit/a3337563c705bc8e0cf32f910b3e9e3c43d962ff,common/password.c,No,0a9f9a7410681e55362f8311537ebc7be9ad0fbe,5,2,a3337563c705bc8e0cf32f910b3e9e3c43d962ff,3,2,CVE-2021-37848,CWE-200
bash,https://github.com/bminor/bash/commit/951bdaad7a18cc0dc1036bba86b18b90874d39ff,configure;builtins/help.def;bashline.c;lib/glob/glob.c;pathexp.c;doc/bashref.texi;MANIFEST;CWRU/CWRU.chlog;tests/glob.tests;tests/glob7.sub;tests/glob6.sub;config.h.in;doc/bash.1;configure.ac;shell.c,Yes,602eae4d6bea77bc912f037b120c9251f7d04e63,7988,7776,951bdaad7a18cc0dc1036bba86b18b90874d39ff,158,58,CVE-2019-18276,CWE-787
bash,http://git.savannah.gnu.org/cgit/bash.git/commit/?h=devel&id=863d31ae775d56b785dc5b0105b6d251515d81d5,doc/builtins.1;variables.c;CWRU/misc/endian.c;CWRU/misc/endian3.c;error.c;locale.c;lib/sh/shquote.c;CWRU/misc/endian2.c;po/gl.po;CWRU/CWRU.chlog~;CWRU/CWRU.chlog;MANIFEST;execute_cmd.c;lib/sh/strtrans.c;error.c~;lib/sh/unicode.c;doc/bash.1;lib/sh/unicode.c~,Yes,1f6ec1a86f688bb09a79232b6fb4a30a19ae71b2,27234,28,863d31ae775d56b785dc5b0105b6d251515d81d5,1811,465,CVE-2012-6711,CWE-119
bdwgc,https://github.com/ivmai/bdwgc/commit/e10c1eb9908c2774c16b3148b30d2f3823d66a9a,malloc.c,No,a268866404003fcdd1183a9f0fc022218aa6d022,1,0,e10c1eb9908c2774c16b3148b30d2f3823d66a9a,5,0,,
bdwgc,https://github.com/ivmai/bdwgc/commit/be9df82919960214ee4b9d3313523bff44fd99e1,malloc.c;mallocx.c,Yes,e10c1eb9908c2774c16b3148b30d2f3823d66a9a,5,0,be9df82919960214ee4b9d3313523bff44fd99e1,4,0,,
bdwgc,https://github.com/ivmai/bdwgc/commit/6a93f8e5bcad22137f41b6c60a1c7384baaec2b3,malloc.c,No,5a64ce40d03458f141b2609f8760b9ecc65b95c4,2,0,6a93f8e5bcad22137f41b6c60a1c7384baaec2b3,7,3,,
bdwgc,https://github.com/ivmai/bdwgc/commit/83231d0ab5ed60015797c3d1ad9056295ac3b2bb,malloc.c,Yes,6a93f8e5bcad22137f41b6c60a1c7384baaec2b3,7,3,83231d0ab5ed60015797c3d1ad9056295ac3b2bb,4,1,,
bdwgc,https://github.com/ivmai/bdwgc/commit/4e1a6f9d8f2a49403bbd00b8c8e5324048fb84d4,typd_mlc.c,Yes,846d937b4a3d558307dfa4764df67ca5c093c8fb,1,1,4e1a6f9d8f2a49403bbd00b8c8e5324048fb84d4,15,3,CVE-2016-9427,CWE-119
bitlbee,https://github.com/bitlbee/bitlbee/commit/30d598ce7cd3f136ee9d7097f39fa9818a272441,protocols/purple/ft.c,No,53cb4ae80e54b89efebc7d19f739d17fc3286383,16,3,30d598ce7cd3f136ee9d7097f39fa9818a272441,4,0,,
bitlbee,https://github.com/bitlbee/bitlbee/commit/701ab8129ba9ea64f569daedca9a8603abad740f,protocols/bee_ft.c,No,fca468311f1fd9880ed2ae4991b2ecc261fd34d5,14,3,701ab8129ba9ea64f569daedca9a8603abad740f,1,1,,
bluez,https://github.com/bluez/bluez/commit/1cd644db8c23a2f530ddb93cebed7dacc5f5721a,src/shared/att.c,No,1d1577c929e3486a9d7e98c4f66329ce8fd0f3e7,37,9,1cd644db8c23a2f530ddb93cebed7dacc5f5721a,40,6,,
bluez,http://git.kernel.org/cgit/bluetooth/bluez.git/commit/?id=8514068150759c1d6a46d4605d2351babfde1601,tools/csr.c,No,0a018b2d1a88813d528e1a9039ad07ec24da4a62,1,0,8514068150759c1d6a46d4605d2351babfde1601,1,1,,
bluez,https://github.com/bluez/bluez/commit/e2b0f0d8d63e1223bb714a9efb37e2257818268b,profiles/audio/avrcp.c,No,7a80d2096f1b7125085e21448112aa02f49f5e9a,36,20,e2b0f0d8d63e1223bb714a9efb37e2257818268b,8,0,,
bluez,https://git.kernel.org/pub/scm/bluetooth/bluez.git/commit/?h=5.54&id=8cdbd3b09f29da29374e2f83369df24228da0ad1,profiles/input/hog.c,No,2f2ea9613515dc90b75d32f6955dbf9d18876fde,4,0,8cdbd3b09f29da29374e2f83369df24228da0ad1,4,0,,
booth,https://github.com/ClusterLabs/booth/commit/35bf0b7b048d715f671eb68974fb6b4af6528c67,src/main.c,Yes,d0ac26cc0c2fb4069c2d095cc0bbe3f94f02c05e,52,5,35bf0b7b048d715f671eb68974fb6b4af6528c67,1,1,CVE-2022-2553,CWE-284
bro,https://github.com/bro/bro/commit/c2b18849f8bb833253538f5dfedb4ed1dc176a30,testing/btest/scripts/base/protocols/irc/names-weird.bro;src/analyzer/protocol/irc/IRC.cc;testing/btest/Traces/irc-353.pcap;testing/btest/Baseline/scripts.base.protocols.irc.names-weird/weird.log,No,5ce7fe615a153f17ba334ba3f3205a8082b8302a,1,1,c2b18849f8bb833253538f5dfedb4ed1dc176a30,21,3,,
bro,https://github.com/bro/bro/commit/6c0f101a62489b1c5927b4ed63b0e1d37db40282,src/analyzer/protocol/tcp/ContentLine.cc,No,70456d9f6bf7fe0019a008b43fe526632d72b5e3,7,3,6c0f101a62489b1c5927b4ed63b0e1d37db40282,10,0,,
bubblewrap,https://github.com/projectatomic/bubblewrap/commit/d7fc532c42f0e9bf427923bab85433282b3e5117,bubblewrap.c,No,a10af855abdd444df5e464187c15e1c81fa18d4d,1,1,d7fc532c42f0e9bf427923bab85433282b3e5117,3,0,CVE-2017-5226,CWE-20
bubblewrap,https://github.com/projectatomic/bubblewrap/commit/efc89e3b939b4bde42c10f065f6b7b02958ed50e,bubblewrap.c,No,1622673a4daa47c0efc586d568b0b2c150e80597,1,1,efc89e3b939b4bde42c10f065f6b7b02958ed50e,9,11,,
c-ares,https://github.com/c-ares/c-ares/commit/9478908a490a6bf009ba58d81de8c1d06d50a117,ares_parse_naptr_reply.c,No,ee7d235822e4dc32d6b5cefb30484b4014da0067,29,0,9478908a490a6bf009ba58d81de8c1d06d50a117,6,1,,
c-ares,https://github.com/c-ares/c-ares/commit/18ea99693d63f957ecb670045adbd2c1da8a4641,ares_parse_naptr_reply.c,No,df9af318ba9e6ec53c7c7b27d94fc89a93b79849,1,0,18ea99693d63f957ecb670045adbd2c1da8a4641,7,6,CVE-2017-1000381,CWE-200
c-ares,https://github.com/c-ares/c-ares/commit/1cc7e83c3bdfaafbc5919c95025592d8de3a170e,ares_getaddrinfo.c,Yes,1c73eccfdcb63ef2f246dfdb13af765f6c32bfba,4,4,1cc7e83c3bdfaafbc5919c95025592d8de3a170e,1,0,CVE-2020-14354,CWE-310
c-blosc2,https://github.com/Blosc/c-blosc2/commit/c4c6470e88210afc95262c8b9fcc27e30ca043ee,blosc/blosc2.c,Yes,bb42656cb982f60ce8f1b87f3185bdcd94eb9d0a,18,16,c4c6470e88210afc95262c8b9fcc27e30ca043ee,8,4,CVE-2020-29367,CWE-787
cairo,https://gitlab.freedesktop.org/cairo/cairo/-/merge_requests/85/diffs?commit_id=03a820b173ed1fdef6ff14b4468f5dbc02ff59be,test/reference/bug-image-compositor.ref.png;src/cairo-image-compositor.c;test/Makefile.sources;test/bug-image-compositor.c,No,e22d7212acb454daccc088619ee147af03883974,69,70,03a820b173ed1fdef6ff14b4468f5dbc02ff59be,44,4,CVE-2020-35492,CWE-787
capstone,https://github.com/aquynh/capstone/commit/87a25bb543c8e4c09b48d4b4a6c7db31ce58df06,arch/X86/X86Mapping.c,Yes,d7459a0ed760b62c08d2110292c20491cad8928f,4,2,87a25bb543c8e4c09b48d4b4a6c7db31ce58df06,8,3,,
capstone,https://github.com/aquynh/capstone/commit/6fe86eef621b9849f51a5e1e5d73258a93440403,windows/winkernel_mm.c,No,fbfa991cae29068297582e2e04d1a2376925ec27,9,3,6fe86eef621b9849f51a5e1e5d73258a93440403,11,2,,
cbang,https://github.com/CauldronDevelopmentLLC/cbang/commit/1c1dba62bd3e6fa9d0d0c0aa21926043b75382c7,tests/tarTests/ExtractTest/expect/stderr;tests/tarTests/CompressedExtractTest/expect/stderr;tests/tarTests/CompressedExtractTest/data/args;tests/tarTests/ExtractTest/expect/return;tests/tarTests/.gitignore;tests/tarTests/tar;tests/tarTests/tar.cpp;tests/tarTests/BadExtractTest/expect/stdout;tests/tarTests/SConscript;tests/tarTests/CompressedExtractTest/data/test.tar.bz2;tests/tarTests/ExtractTest/data/test.tar;tests/tarTests/ExtractTest/expect/stdout;tests/tarTests/test.json;tests/tarTests/BadExtractTest/data/test.tar;src/cbang/tar/TarFileReader.cpp;tests/tarTests/BadExtractTest/expect/stderr;tests/tarTests/BadExtractTest/expect/return;tests/tarTests/CompressedExtractTest/expect/stdout;tests/tarTests/BadExtractTest/data/args;tests/tarTests/ExtractTest/data/args;tests/tarTests/CompressedExtractTest/expect/return,No,71a999a1049dfb0cf745b8cd549b4fb6c5585cc3,45,19,1c1dba62bd3e6fa9d0d0c0aa21926043b75382c7,99,2,,
cgit,http://git.zx2c4.com/cgit/commit/?id=4458abf64172a62b92810c2293450106e6dfc763,cgit.c,No,ffe09621f2626c692a16b249a52112ba8070aa79,1,1,4458abf64172a62b92810c2293450106e6dfc763,1,1,,
cgit,,ui-clone.c,No,c679d9010451b986bae719a6abe0458af2b2dfb9,2,0,53efaf30b50f095cad8c160488c74bba3e3b2680,19,4,,
cgit,,html.h;ui-clone.h;ui-clone.c;Makefile;html.c;cmd.c,No,0f0ab148c6d444316af10e6b4c7a60630fed45d3,17,10,02a545e63454530c1639014d3239c14ced2022c6,140,0,,
cgit,http://git.zx2c4.com/cgit/commit/?id=513b3863d999f91b47d7e9f26710390db55f9463,ui-shared.c;html.h;html.c,Yes,4291453ec30656c2f59645d8a74cf295ce0253a9,3,1,513b3863d999f91b47d7e9f26710390db55f9463,32,3,CVE-2016-1900,NVD-CWE-Other
cgminer,https://github.com/ckolivas/cgminer/commit/e1c5050734123973b99d181c45e74b2cbb00272e,util.c,No,e8b0a29db51a967e709161c52787227208d2eaa2,1602,204,e1c5050734123973b99d181c45e74b2cbb00272e,41,14,,
cJSON,https://github.com/DaveGamble/cJSON/commit/be749d7efa7c9021da746e685bd6dec79f9dd99b,cJSON.c;tests/misc_tests.c,No,cb1df2f88c0d335e031ade0d52fd6a59528c622f,2,0,be749d7efa7c9021da746e685bd6dec79f9dd99b,29,1,,
cJSON,https://github.com/DaveGamble/cJSON/commit/94df772485c92866ca417d92137747b2e3b0a917,cJSON.c,No,3a7bd6924a67c301b8811f521de6ed07c7cf0c3c,48,1,94df772485c92866ca417d92137747b2e3b0a917,14,3,,
clamav-devel,https://github.com/vrtadmin/clamav-devel/commit/c6870a6c857dd722dffaf6d37ae52ec259d12492,libclamav/sis.c,No,3cbd8b5668bd0f262a8c00b1fd57eb03c117b00a,8,0,c6870a6c857dd722dffaf6d37ae52ec259d12492,1,1,CVE-2013-2020,CWE-189
clamav-devel,http://git.clamav.net/gitweb?p=clamav-devel.git;a=commit;h=224fee54dd6cd8933d7007331ec2bfca0398d4b4,ChangeLog;libclamav/mspack.c,Yes,158c35e81a25ea5fda55a2a7f62ea9fec2e883d9,7,6,224fee54dd6cd8933d7007331ec2bfca0398d4b4,9,0,CVE-2010-1311,CWE-20
clamav-devel,https://github.com/vrtadmin/clamav-devel/commit/dfc00cd3301a42b571454b51a6102eecf58407bc,libclamav/wwunpack.c,No,586a5180287262070637c8943f2f7efd652e4a2c,7,3,dfc00cd3301a42b571454b51a6102eecf58407bc,6,0,,
clamav-devel,https://github.com/vrtadmin/clamav-devel/commit/3cbd8b5668bd0f262a8c00b1fd57eb03c117b00a,ChangeLog;libclamav/pe_icons.c,No,28715a7c6b54d9ff3a13b85abfd26473359c901e,35,6,3cbd8b5668bd0f262a8c00b1fd57eb03c117b00a,8,0,,
clamav-devel,http://git.clamav.net/gitweb?p=clamav-devel.git;a=commit;h=4842733eb3f09be61caeed83778bb6679141dbc5,libclamav/matcher-hash.c;ChangeLog,No,bcf979719b99635bd0c5e1d465004c2bf01d3464,8,1,4842733eb3f09be61caeed83778bb6679141dbc5,5,1,,
clamav-devel,https://github.com/vrtadmin/clamav-devel/commit/fc3794a54d2affe5770c1f876484a871c783e91e,libclamav/pe.c,No,7b14f93dbeb531a42bb0e0506b5f6b42d42e3002,1,0,fc3794a54d2affe5770c1f876484a871c783e91e,47,25,,
clamav-devel,http://git.clamav.net/gitweb?p=clamav-devel.git;a=commitdiff;h=fcd8091474d12592d509adcfd0bdd0b0dc8835f5#patch4,configure;configure.in;ChangeLog;m4/acinclude.m4;libclamav/nsis/bzlib.c,Yes,dc5143b4669ae39c79c9af50d569c28c798f33da,6,0,fcd8091474d12592d509adcfd0bdd0b0dc8835f5,620,328,,
clamav-devel,http://git.clamav.net/gitweb?p=clamav-devel.git;a=commit;h=d21fb8d975f8c9688894a8cef4d50d977022e09f,libclamav/vba_extract.c;ChangeLog,No,edbe8fd067e6a0d6815e99292fdb7fd72a814908,3,3,d21fb8d975f8c9688894a8cef4d50d977022e09f,7,1,,
clamav-devel,https://github.com/vrtadmin/clamav-devel/commit/270e368b99e93aa5447d46c797c92c3f9f39f375,libclamav/pe.c;README;NEWS,No,24ff855c82d3f5c62bc5788a5776cefbffce2971,20,4,270e368b99e93aa5447d46c797c92c3f9f39f375,24,10,,
clamav-devel,http://git.clamav.net/gitweb?p=clamav-devel.git;a=commit;h=3d664817f6ef833a17414a4ecea42004c35cc42f,libclamav/bytecode.c;ChangeLog;libclamav/bytecode_api.c,No,59f1b78b51469c272cbc348ca08f2b3b31772f41,310,144,3d664817f6ef833a17414a4ecea42004c35cc42f,8,0,,
clamav-devel,http://git.clamav.net/gitweb?p=clamav-devel.git;a=commitdiff;h=f0eb394501ec21b9fe67f36cbf5db788711d4236,libclamav/pdf.c;ChangeLog,Yes,7eb6bac71c530df9843e6d8248b3d79f91781460,9,0,f0eb394501ec21b9fe67f36cbf5db788711d4236,7,1,,
clamav-devel,https://github.com/Cisco-Talos/clamav-devel/commit/d96a6b8bcc7439fa7e3876207aa0a8e79c8451b6,libclamav/xar.c,No,b171157fb1cf38e0ab31ae6a26be7e6554fb584e,9,1,d96a6b8bcc7439fa7e3876207aa0a8e79c8451b6,50,29,CVE-2018-1000085,CWE-125
clutter,https://git.gnome.org/browse/clutter/commit/?h=clutter-1.14&id=e310c68d7b38d521e341f4e8a36f54303079d74e,clutter/x11/clutter-device-manager-xi2.c,No,a586c23ddcef9a11f6e343b4b6848cde2df54927,18,2,e310c68d7b38d521e341f4e8a36f54303079d74e,22,8,CVE-2013-2190,CWE-264
connman,https://git.kernel.org/pub/scm/network/connman/connman.git/commit/?id=e4079a20f617a4b076af503f6e4e8b0304c9f2cb,src/dnsproxy.c,No,a74524b3e3fad81b0fd1084ffdf9f2ea469cd9b1,1,1,e4079a20f617a4b076af503f6e4e8b0304c9f2cb,11,3,CVE-2021-26675,CWE-787
connman,https://git.kernel.org/pub/scm/network/connman/connman.git/commit/?id=a74524b3e3fad81b0fd1084ffdf9f2ea469cd9b1,gdhcp/client.c,Yes,58d397ba74873384aee449690a9070bacd5676fa,38,20,a74524b3e3fad81b0fd1084ffdf9f2ea469cd9b1,1,1,CVE-2021-26676,
contiki-ng,https://github.com/contiki-ng/contiki-ng/commit/9cdec6e19865d7b0d8caf61f1a34001f64d565b0,os/net/ipv6/uipbuf.c,No,f608483c5c32ff36807ef562486feb2bfd8ce89a,0,0,9cdec6e19865d7b0d8caf61f1a34001f64d565b0,3,0,,
contiki-ng,https://github.com/contiki-ng/contiki-ng/commit/12c824386ab60de757de5001974d73b32e19ad71,os/net/app-layer/snmp/snmp-oid.h;os/net/app-layer/snmp/snmp-engine.h;os/net/app-layer/snmp/snmp.c;os/net/app-layer/snmp/snmp-api.h;os/net/app-layer/snmp/snmp-mib.h;os/net/app-layer/snmp/snmp-conf.h;os/net/app-layer/snmp/snmp-mib.c;tests/08-native-runs/10-snmp-server.sh;os/net/app-layer/snmp/snmp-ber.h;examples/snmp-server/project-conf.h;os/net/app-layer/snmp/snmp-engine.c;os/net/app-layer/snmp/snmp-api.c;os/net/app-layer/snmp/snmp-message.h;os/net/app-layer/snmp/snmp.h;examples/snmp-server/resources/snmp-SNMP-MIB-2-System.c;examples/snmp-server/snmp-server.c;os/net/app-layer/snmp/snmp-oid.c;os/net/app-layer/snmp/snmp-message.c;os/net/app-layer/snmp/snmp-ber.c,No,c61897ab953868db84376016fdf0f6b0a01c240c,0,90,12c824386ab60de757de5001974d73b32e19ad71,1236,1003,CVE-2020-12141,CWE-125
contiki-ng,https://github.com/contiki-ng/contiki-ng/commit/a4597001d50a04f4b9c78f323ba731e2f979802c,os/net/ipv6/uip-nd6.c,No,2dfbaee0a1e394e7709f7b71a3c9b7d05f2cf1bf,4,0,a4597001d50a04f4b9c78f323ba731e2f979802c,10,3,,CWE-20
corosync,https://github.com/corosync/corosync/commit/b3f456a8ceefac6e9f2e9acc2ea0c159d412b595,exec/totemcrypto.c,No,6127be18062e129a74f66449f1ef3c465af58168,15,10,b3f456a8ceefac6e9f2e9acc2ea0c159d412b595,2,2,,
cortx-s3server,https://github.com/Seagate/cortx-s3server/commit/dd6bfbc4b84f14f898598922ca9efd5aaa645c5d,mempool/s3_memory_pool.c,No,320b485b403a28f5cb8bc6d5e1d87e43bf6c4999,1,1,dd6bfbc4b84f14f898598922ca9efd5aaa645c5d,3,0,,CWE-703
cpp-peglib,https://github.com/yhirose/cpp-peglib/commit/0061f393de54cf0326621c079dc2988336d1ebb3,test/test1.cc;peglib.h,No,14305f9f53cde207568f21675a1b9294a3ab28b4,3,1,0061f393de54cf0326621c079dc2988336d1ebb3,28,4,,
cpp-peglib,https://github.com/yhirose/cpp-peglib/commit/b3b29ce8f3acf3a32733d930105a17d7b0ba347e,test/test1.cc;peglib.h,No,d84c2993af4335e2bfb1873ee631cb1eea803d15,4,6,b3b29ce8f3acf3a32733d930105a17d7b0ba347e,14,3,CVE-2020-23915,CWE-125
Crow,https://github.com/CrowCpp/Crow/commit/d17a88af696b9de62504adf2a4657d381733b9e2,include/crow/http_connection.h,No,fde74c4d2e66c76dbe288dfdf080ea1a09d28abd,1,1,d17a88af696b9de62504adf2a4657d381733b9e2,5,3,,
Crow,https://github.com/CrowCpp/Crow/commit/79eec91f00b5fb7df890d4e84b2f048b0841e044,include/crow/query_string.h,No,75c522f4f5568a8b449ffa009348be38405398e6,4,4,79eec91f00b5fb7df890d4e84b2f048b0841e044,1,2,,CWE-703
crun,https://github.com/containers/crun/commit/1aeeed2e4fdeffb4875c0d0b439915894594c8c6,src/exec.c,No,b847d146d496c9d7beba166fd595488e85488562,0,3,1aeeed2e4fdeffb4875c0d0b439915894594c8c6,2,2,CVE-2022-27650,CWE-276
cryptsetup,https://gitlab.com/cryptsetup/cryptsetup/-/commit/52f5cb8cedf22fb3e14c744814ec8af7614146c7,lib/luks2/luks2_json_metadata.c,No,f3ec1e2254e0c1f1e86cd1c4c3fe7b8b39e10af4,13,2,52f5cb8cedf22fb3e14c744814ec8af7614146c7,12,7,,
csync2,https://github.com/LINBIT/csync2/commit/416f1de878ef97e27e27508914f7ba8599a0be22,daemon.c,No,b9749215a9cdc2640de5aa455d099354902d36c1,1057,1081,416f1de878ef97e27e27508914f7ba8599a0be22,1,0,,
curl,https://github.com/curl/curl/commit/70b1900dd13d16f2e83f571407a614541d5ac9ba,CHANGES;src/main.c,No,380e132da3557235e4eb9aa593e79c62100156ea,1,0,70b1900dd13d16f2e83f571407a614541d5ac9ba,10,0,CVE-2018-16842,CWE-125
curl,https://github.com/bagder/curl/commit/192c4f788d48f82c03e9cef40013f34370e90737,lib/escape.c,No,da0db499fd1fed3ab061d8c03d25c06164c9f429,8,6,192c4f788d48f82c03e9cef40013f34370e90737,3,2,CVE-2013-2174,CWE-119
curl,https://github.com/bagder/curl/commit/2eb8dcf26cb37f09cffe26909a646e702dbcab66,lib/cookie.c,No,96ffe645fd2494f14780f7c105fcfeeb8ca7d94f,27,14,2eb8dcf26cb37f09cffe26909a646e702dbcab66,19,5,CVE-2013-1944,CWE-200
curl,https://github.com/curl/curl/commit/d530e92f59ae9bb2d47066c3c460b25d2ffeb211,src/tool_msgs.c,No,e97679a360dda4ea6188b09a145f73a2a84acedd,8,11,d530e92f59ae9bb2d47066c3c460b25d2ffeb211,1,1,CVE-2018-16842,CWE-125
curl,https://github.com/curl/curl/commit/81d135d67155c5295b1033679c606165d4e28f3f,lib/url.c,No,9d8dad1a9d79d60e021f0c4e0f66bf5d51fb3c4e,1,1,81d135d67155c5295b1033679c606165d4e28f3f,3,1,CVE-2018-16840,CWE-416
curl,https://github.com/curl/curl/commit/f3a24d7916b9173c69a3e0ee790102993833d6c5,lib/vauth/cleartext.c,No,81d135d67155c5295b1033679c606165d4e28f3f,3,1,f3a24d7916b9173c69a3e0ee790102993833d6c5,1,1,CVE-2018-16839,CWE-119
curl,https://github.com/curl/curl/commit/ba1dbd78e5f1ed67c1b8d37ac89d90e5e330b628,lib/smtp.c,No,0b4ccc97f26316476d4c2abbd429952bf61b6375,2,0,ba1dbd78e5f1ed67c1b8d37ac89d90e5e330b628,2,1,CVE-2018-0500,CWE-787
curl,https://github.com/curl/curl/commit/1890d59905414ab84a35892b2e45833654aa5c13,tests/data/test1441;tests/data/Makefile.inc;src/tool_writeout.c;tests/data/test1440,Yes,d2bcf1e3e247d116dc96bd3ea32056e3f089449c,245,12,1890d59905414ab84a35892b2e45833654aa5c13,64,2,,
curl,https://github.com/curl/curl/commit/facb0e4662415b5f28163e853dc6742ac5fafb3d,lib/tftp.c,Yes,82f3ba3806a34fe94dcf9e5c9b88deda6679ca1b,33,20,facb0e4662415b5f28163e853dc6742ac5fafb3d,9,3,CVE-2019-5482,CWE-787
curl,https://github.com/bagder/curl/commit/31be461c6b659312100c47be6ddd5f0f569290f6,lib/url.c,No,6088fbce06ea32ef86a999092e36415a550d140a,5,0,31be461c6b659312100c47be6ddd5f0f569290f6,1,1,CVE-2015-3143,CWE-264
curl,https://github.com/curl/curl/commit/9069838b30fb3b48af0123e39f664cea683254a5,lib/security.c,No,facb0e4662415b5f28163e853dc6742ac5fafb3d,9,3,9069838b30fb3b48af0123e39f664cea683254a5,2,4,CVE-2019-5481,CWE-415
curl,https://github.com/bagder/curl/commit/0583e87ada7a3cfb10904ae4ab61b339582c5bd3,lib/url.c,No,b5f947b8ac0e282c61c75b69cd5b9d37dafc6959,7,5,0583e87ada7a3cfb10904ae4ab61b339582c5bd3,1,1,CVE-2015-3144,CWE-119
curl,https://github.com/curl/curl/commit/d41dcba4e9b69d6b761e3460cc6ae7e8fd8f621f,lib/url.c,No,3017d8a8d8849ebd4feae4f5eae037cd55736a61,187,58,d41dcba4e9b69d6b761e3460cc6ae7e8fd8f621f,40,22,CVE-2016-0755,CWE-287
curl,https://github.com/curl/curl/commit/13c9a9ded3ae744a1e11cbc14e9146d9fa427040,lib/imap.c,No,769647e714b8da41bdb72720bf02dce56033e02e,7,10,13c9a9ded3ae744a1e11cbc14e9146d9fa427040,5,0,CVE-2017-1000257,CWE-119
curl,https://github.com/curl/curl/commit/0b664ba968437715819bfe4c7ada5679d16ebbc3,tests/data/Makefile.inc;lib/curl_fnmatch.c;tests/data/test1163,No,9b5e12a5491d2e6b68e0c88ca56f3a9ef9fba400,30,31,0b664ba968437715819bfe4c7ada5679d16ebbc3,56,7,CVE-2017-8817,CWE-125
curl,https://github.com/bagder/curl/commit/b5f947b8ac0e282c61c75b69cd5b9d37dafc6959,lib/cookie.c,No,31be461c6b659312100c47be6ddd5f0f569290f6,1,1,b5f947b8ac0e282c61c75b69cd5b9d37dafc6959,7,5,CVE-2015-3145,CWE-119
curl,https://github.com/curl/curl/commit/6efd2fa529a189bf41736a610f6184cd8ad94b4d,lib/vtls/mbedtls.c;lib/vtls/polarssl.c,No,5db313985e502e82a3eed03396ee600b726d60c2,1,1,6efd2fa529a189bf41736a610f6184cd8ad94b4d,12,14,CVE-2016-3739,CWE-20
curl,https://github.com/curl/curl/commit/7214288898f5625a6cc196e22a74232eada7861c,tests/data/Makefile.inc;tests/data/test2081;lib/transfer.c,No,184ffc0bdfcab17eb96d1dd64f9c0cecc139e3e9,1,2,7214288898f5625a6cc196e22a74232eada7861c,90,3,CVE-2021-22876,CWE-200
curl,https://github.com/curl/curl/commit/9b5e12a5491d2e6b68e0c88ca56f3a9ef9fba400,lib/url.c;lib/urldata.h,No,c79b2ca03d94d996c23cee13859735cc278838c1,2,2,9b5e12a5491d2e6b68e0c88ca56f3a9ef9fba400,30,31,CVE-2017-8818,CWE-119
curl,https://github.com/curl/curl/commit/75dc096e01ef1e21b6c57690d99371dedb2c0b80,lib/multi.c,No,9cb1059f92286a6eb5d28c477fdd3f26aed1d554,7,0,75dc096e01ef1e21b6c57690d99371dedb2c0b80,2,0,CVE-2016-5421,CWE-416
curl,https://github.com/curl/curl/commit/57d299a499155d4b327e341c6024e293b0418243,lib/curl_ntlm_core.c,No,19ebc282172ff204648f350c6e716197d5b4d221,4,4,57d299a499155d4b327e341c6024e293b0418243,4,1,CVE-2018-14618,CWE-190
curl,https://github.com/curl/curl/commit/7f2a1df6f5fc598750b2c6f34465c8d924db28cc,lib/curl_ntlm_core.c,No,0b664ba968437715819bfe4c7ada5679d16ebbc3,56,7,7f2a1df6f5fc598750b2c6f34465c8d924db28cc,18,2,CVE-2017-8816,CWE-190
curl,https://github.com/curl/curl/commit/481e0de00a9003b9c5220b120e3fc302d9b0932d,src/tool_msgs.h;src/tool_msgs.c;src/tool_operate.c;src/tool_helpers.c;src/tool_helpers.h,No,df6a4d3519655b26137a90a440c5a99f4abe7e22,9,1,481e0de00a9003b9c5220b120e3fc302d9b0932d,65,16,,
curl,https://github.com/curl/curl/commit/5d0ba70e17bde74d9a9108c38558f6491d2b5c4d,src/tool_msgs.c,No,188a43a8fd7976b1379516ad65cc84120d7907ea,1,1,5d0ba70e17bde74d9a9108c38558f6491d2b5c4d,6,2,,
curl,https://github.com/bagder/curl/commit/79b9d5f1a42578f807a6c94914bc65cbaa304b6d,lib/http.c,No,0583e87ada7a3cfb10904ae4ab61b339582c5bd3,1,1,79b9d5f1a42578f807a6c94914bc65cbaa304b6d,7,1,CVE-2015-3148,CWE-284
curl,https://github.com/curl/curl/commit/8c7ee9083d0d719d0a77ab20d9cc2ae84eeea7f3,src/tool_operate.c,No,fae6fea209a2d4db1582f608bd8cc8000721733a,25,5,8c7ee9083d0d719d0a77ab20d9cc2ae84eeea7f3,2,2,CVE-2022-27778,CWE-706
curl,https://github.com/curl/curl/commit/620ea21410030a9977396b4661806bc187231b79,lib/transfer.c,No,08b8ef4e726ba10f45081ecda5b3cea788d3c839,6,1,620ea21410030a9977396b4661806bc187231b79,48,1,CVE-2022-27774,CWE-522
curl,https://github.com/curl/curl/commit/20f9dd6bae50b7223171b17ba7798946e74f877f,lib/fopen.c;lib/fopen.h;lib/Makefile.inc;lib/cookie.c;lib/curl_config.h.cmake;CMakeLists.txt;configure.ac,No,46f8911d3942dc06fdd67e9f6f3908982e5d2fb4,190,1,20f9dd6bae50b7223171b17ba7798946e74f877f,154,15,CVE-2022-32207,CWE-276
curl,https://github.com/curl/curl/commit/1b71bc532bde8621fd3260843f8197182a467ff2,lib/file.c,No,aeb32d059bc1e02993e4ca541d510fc8e3fd99bc,1,1,1b71bc532bde8621fd3260843f8197182a467ff2,4,2,CVE-2019-15601,
curl,https://github.com/curl/curl/commit/39ce47f219b09c380b81f89fe54ac586c8db6bde,lib/telnet.c,No,bbb71507b7bab52002f9b1e0880bed6a32834511,8,4,39ce47f219b09c380b81f89fe54ac586c8db6bde,1,1,CVE-2021-22898,CWE-200
curl,https://github.com/curl/curl/commit/3a09fbb7f264c67c438d01a30669ce325aa508e2,lib/content_encoding.c,No,6ecdf5136b52af747e7bda08db9a748256b1cd09,11,7,3a09fbb7f264c67c438d01a30669ce325aa508e2,9,0,CVE-2022-32206,CWE-770
curl,https://github.com/curl/curl/commit/7e92d12b4e6911f424678a133b19de670e183a59,lib/cookie.c,No,f8cb6c610a8e1576f1f615918a8b0a8fbd0e4e85,61,1,7e92d12b4e6911f424678a133b19de670e183a59,9,1,CVE-2022-27779,CWE-201
curl,https://github.com/curl/curl/commit/914aaab9153764ef8fa4178215b8ad89d3ac263a,lib/urlapi.c,No,5c7da89d404bf59c8dd82a001119a16d18365917,8,0,914aaab9153764ef8fa4178215b8ad89d3ac263a,2,2,CVE-2022-27780,CWE-918
curl,https://github.com/curl/curl/commit/058f98dc3fe595f21dc26a5b9b1699e519ba5705,lib/conncache.c,No,852aa5ad351ea53e5f01d2f44b5b4370c2bf5425,31,16,058f98dc3fe595f21dc26a5b9b1699e519ba5705,6,2,CVE-2022-27775,CWE-200
curl,https://github.com/curl/curl/commit/8dfc93e573ca740544a2d79ebb0ed786592c65c3,lib/cookie.c,No,74e156d00f9f0979a360576ba487f57c35784a14,7,0,8dfc93e573ca740544a2d79ebb0ed786592c65c3,29,0,CVE-2022-35252,CWE-20
curl,https://github.com/bagder/curl/commit/178bd7db34f77e020fb8562890c5625ccbd67093,lib/url.c,No,f7d5ecec9c99d283a9a196eca88ba70560321eaf,40,5,178bd7db34f77e020fb8562890c5625ccbd67093,7,0,CVE-2014-8150,NVD-CWE-Other
cxxtools,https://github.com/maekitalo/cxxtools/commit/142bb2589dc184709857c08c1e10570947c444e3,test/query_params-test.cpp;src/query_params.cpp,No,470ab6511c745ecd9cf5a22f901f18754cfac686,6,6,142bb2589dc184709857c08c1e10570947c444e3,15,1,,
cyrus-sasl,https://github.com/cyrusimap/cyrus-sasl/commit/9eff746c9daecbcc0041b09a5a51ba30738cdcbc,plugins/sql.c,No,1c1492385bd5c70cab396347a86fd32768f33722,89,130,9eff746c9daecbcc0041b09a5a51ba30738cdcbc,23,3,CVE-2022-24407,CWE-89
date,https://github.com/ruby/date/commit/8f2d7a0c7e52cea8333824bd527822e5449ed83d,ext/date/date_core.c;test/date/test_date_parse.rb,Yes,3959accef8da5c128f8a8e2fd54e932a4fb253b0,326,89,8f2d7a0c7e52cea8333824bd527822e5449ed83d,20,0,CVE-2021-41817,NVD-CWE-Other
date,https://github.com/ruby/date/commit/376c65942bd1d81803f14d37351737df60ec4664,ext/date/date_core.c;test/date/test_date_parse.rb,Yes,8f2d7a0c7e52cea8333824bd527822e5449ed83d,20,0,376c65942bd1d81803f14d37351737df60ec4664,25,0,CVE-2021-41817,NVD-CWE-Other
detect-character-encoding,https://github.com/sonicdoe/detect-character-encoding/commit/992a11007fff6cfd40b952150ab8d30410c4a20a,test/index.js;README.md;icuWrapper.cpp,Yes,4997c25de0b581474fab7d686113134357451d52,1,1,992a11007fff6cfd40b952150ab8d30410c4a20a,12,0,,
detect-character-encoding,https://github.com/sonicdoe/detect-character-encoding/commit/d44356927b92e3b13e178071bf6d7c671766f588,icuWrapper.cpp,Yes,2e3aa333a573960edf2d782bca3b25a01e49678b,5,0,d44356927b92e3b13e178071bf6d7c671766f588,5,0,,
domoticz,https://github.com/domoticz/domoticz/commit/ee70db46f81afa582c96b887b73bcd2a86feda00,main/WebServer.cpp,No,9c9319ace1f0a76b12bf349d62f455a506d286df,1,1,ee70db46f81afa582c96b887b73bcd2a86feda00,1,1,,
edgeless-mariadb,https://github.com/edgelesssys/edgeless-mariadb/commit/91d5fffa0796b8208c3d6633c8f296da8914af4d,extra/mariabackup/ds_compress.cc,No,fde99e006d0947977f196854dd1f5a2eaa030c20,1,0,91d5fffa0796b8208c3d6633c8f296da8914af4d,11,12,,
edk2,https://github.com/tianocore/edk2/commit/0a0d5296e448fc350de1594c49b9c0deff7fad60,UefiCpuPkg/CpuMpPei/CpuMpPei.h;UefiCpuPkg/CpuMpPei/CpuMpPei.inf;UefiCpuPkg/CpuMpPei/CpuMpPei.c;UefiCpuPkg/CpuMpPei/CpuPaging.c,No,e09b6b5953db38db87b84c80a2e95a82a1c91020,6,2,0a0d5296e448fc350de1594c49b9c0deff7fad60,937,17,,
edk2,https://github.com/tianocore/edk2/commit/26442d11e620a9e81c019a24a4ff38441c64ba10,CryptoPkg/Library/BaseCryptLib/Pk/CryptAuthenticode.c,No,f82b827c92f77eac8debdce6ef9689d156771871,9,3,26442d11e620a9e81c019a24a4ff38441c64ba10,2,2,CVE-2019-14584,CWE-476
edk2,https://github.com/tianocore/edk2/commit/89f75aa04a97293a8ed9db2a90851a5053730cf5,MdeModulePkg/Universal/Disk/UdfDxe/FileSystemOperations.c,Yes,5c0748f43f4e1cc15fdd0be64a764eacd7df92f6,50,4,89f75aa04a97293a8ed9db2a90851a5053730cf5,4,0,,
edk2,https://github.com/tianocore/edk2/commit/3b30351b75d70ea65701ac999875fbb81a89a5ca,MdeModulePkg/Universal/Disk/UdfDxe/FileSystemOperations.c;MdeModulePkg/Universal/Disk/UdfDxe/Udf.h,Yes,89f75aa04a97293a8ed9db2a90851a5053730cf5,4,0,3b30351b75d70ea65701ac999875fbb81a89a5ca,23,1,,
edk2,https://github.com/tianocore/edk2/commit/4df8f5bfa28b8b881e506437e8f08d92c1a00370,MdeModulePkg/Universal/Disk/PartitionDxe/Udf.c,No,4a723d3d7fd1cbbc28c92f14361761831ad27bab,12,8,4df8f5bfa28b8b881e506437e8f08d92c1a00370,29,0,,
edk2,https://github.com/tianocore/edk2/commit/f1d78c489a39971b5aac5d2fc8a39bfa925c3c5d,MdeModulePkg/Universal/DisplayEngineDxe/ProcessOptions.c,No,764e8ba1389a617639d79d2c4f0d53f4ea4a7387,8,1,f1d78c489a39971b5aac5d2fc8a39bfa925c3c5d,6,2,CVE-2019-14558,NVD-CWE-Other
empathy,http://git.gnome.org/browse/empathy/commit/?id=739aca418457de752be13721218aaebc74bd9d36,libempathy-gtk/empathy-theme-adium.c,No,4be40f870291191e95035cd08b8f0733c9af1828,1,1,739aca418457de752be13721218aaebc74bd9d36,5,2,,
empathy,http://git.gnome.org/browse/empathy/commit/?id=15a4eec2f156c4f60398a9d842279203f475ed89,libempathy-gtk/empathy-theme-adium.c,No,27831472d751867c3f2ff1f4f26087c75c65776b,38,5,15a4eec2f156c4f60398a9d842279203f475ed89,3,3,,
engine,https://github.com/gost-engine/engine/commit/c6655a0b620a3e31f085cc906f8073fe81b2fad3,e_gost_err.h;e_gost_err.c;gost_ec_keyx.c,No,ee1986c58ccb81d1224d09a7cb56b2043fa6a2e8,14,14,c6655a0b620a3e31f085cc906f8073fe81b2fad3,22,1,CVE-2022-29242,CWE-120
engine,https://github.com/gost-engine/engine/commit/7df766124f87768b43b9e8947c5a01e17545772c,gost_ec_keyx.c,Yes,c6655a0b620a3e31f085cc906f8073fe81b2fad3,22,1,7df766124f87768b43b9e8947c5a01e17545772c,21,1,CVE-2022-29242,CWE-787
envoy,https://github.com/envoyproxy/envoy/commit/e9f936d85dc1edc34fabd0a1725ec180f2316353,source/extensions/transport_sockets/tls/cert_validator/cert_validator.h;test/extensions/transport_sockets/tls/ssl_socket_test.cc;envoy/ssl/certificate_validation_context_config.h;source/extensions/transport_sockets/tls/cert_validator/default_validator.cc,No,9371333230b1a6e1be2eccf4868771e11af6253a,62,0,e9f936d85dc1edc34fabd0a1725ec180f2316353,196,1,CVE-2022-21654,CWE-362
envoy,https://github.com/envoyproxy/envoy/commit/2c60632d41555ec8b3d9ef5246242be637a2db0f,docs/root/version_history/v1.15.1.rst;source/extensions/filters/common/expr/context.cc;include/envoy/http/header_map.h;source/common/http/header_map_impl.cc;source/common/runtime/runtime_features.cc;source/common/http/header_map_impl.h;test/extensions/filters/common/expr/context_test.cc;test/extensions/filters/http/lua/wrappers_test.cc;test/common/http/BUILD;test/extensions/filters/common/expr/evaluator_fuzz_test.cc;source/extensions/filters/http/jwt_authn/BUILD;docs/root/version_history/version_history.rst;test/extensions/filters/http/rbac/rbac_filter_integration_test.cc;source/common/http/BUILD;source/common/http/header_utility.h;source/common/http/header_utility.cc;source/extensions/filters/http/header_to_metadata/BUILD;test/common/http/header_map_impl_test.cc;test/common/http/header_utility_test.cc;source/extensions/filters/http/lua/wrappers.cc;source/extensions/filters/http/header_to_metadata/header_to_metadata_filter.cc;source/extensions/filters/http/jwt_authn/extractor.cc;source/extensions/filters/common/expr/evaluator.h;source/extensions/filters/common/expr/context.h;test/extensions/filters/http/header_to_metadata/header_to_metadata_filter_test.cc;source/extensions/filters/http/lua/BUILD;test/extensions/filters/http/jwt_authn/extractor_test.cc;source/extensions/filters/common/expr/evaluator.cc;test/test_common/utility.h,No,41e65e25ed60e6d036de7f5ff610c43cfc45cbf6,66,18,2c60632d41555ec8b3d9ef5246242be637a2db0f,503,78,,
envoy,https://github.com/envoyproxy/envoy/commit/9371333230b1a6e1be2eccf4868771e11af6253a,test/extensions/filters/http/jwt_authn/test_common.h;test/extensions/filters/http/jwt_authn/filter_integration_test.cc;docs/root/version_history/current.rst;source/extensions/filters/http/jwt_authn/matcher.cc,Yes,ce0ae309057a216aba031aff81c445c90c6ef145,74,1,9371333230b1a6e1be2eccf4868771e11af6253a,62,0,CVE-2021-43824,CWE-703
epiphany,https://github.com/GNOME/epiphany/commit/486da133569ebfc436c959a7419565ab102e8525,lib/ephy-string.c,Yes,a32886f5467524b7287bc3a4e11cbcc7305bf043,2,1,486da133569ebfc436c959a7419565ab102e8525,2,3,,
epiphany,http://git.gnome.org/browse/epiphany/commit/?id=f3ed2a94694b698bb3cb38bb08a741364fe2df9b,embed/ephy-embed-single.c;configure.ac,No,8daa3af1d4aecc92f7a0558173884ed703964476,16,0,f3ed2a94694b698bb3cb38bb08a741364fe2df9b,2,2,,
Espruino,https://github.com/espruino/Espruino/commit/ce1924193862d58cb43d3d4d9dada710a8361b89,src/jsvar.c,No,c36d30529118aa049797db43f111ddad468aad29,2,0,ce1924193862d58cb43d3d4d9dada710a8361b89,1,1,,
Espruino,https://github.com/espruino/Espruino/commit/8a44b04b584b3d3ab1cb68fed410f7ecb165e50e,ChangeLog;libs/graphics/jswrap_graphics.c;libs/graphics/lcd_arraybuffer.c,Yes,aaaa800f39fe4d956200b07061812da5aa635468,11,6,8a44b04b584b3d3ab1cb68fed410f7ecb165e50e,10,2,,
Espruino,https://github.com/espruino/Espruino/commit/b6d362f6a1f2de0b3e7604848116efb509196bf4,src/jsvar.c;ChangeLog,Yes,8a44b04b584b3d3ab1cb68fed410f7ecb165e50e,10,2,b6d362f6a1f2de0b3e7604848116efb509196bf4,2,1,,
Espruino,https://github.com/espruino/Espruino/commit/a0d7f432abee692402c00e8b615ff5982dde9780,src/jsutils.c;ChangeLog,Yes,94629068ea3cd5385a8b0e04d040732c7b3b1e5d,8,5,a0d7f432abee692402c00e8b615ff5982dde9780,4,1,,
Espruino,https://github.com/espruino/Espruino/commit/bed844f109b6c222816740555068de2e101e8018,src/jslex.c,Yes,0a7619875bf79877907205f6bee08465b89ff10b,14,16,bed844f109b6c222816740555068de2e101e8018,14,13,,
Espruino,https://github.com/espruino/Espruino/commit/c36d30529118aa049797db43f111ddad468aad29,src/jsparse.c;ChangeLog,Yes,f1d7afdbe758cefcc017882e82466eeaec1a4fec,22,1,c36d30529118aa049797db43f111ddad468aad29,2,0,,
Espruino,https://github.com/espruino/Espruino/commit/0a7619875bf79877907205f6bee08465b89ff10b,src/jsvar.c;src/jslex.c;src/jspin.c;ChangeLog;src/jsutils.c,Yes,a0d7f432abee692402c00e8b615ff5982dde9780,4,1,0a7619875bf79877907205f6bee08465b89ff10b,14,16,,
EternalTerminal,https://github.com/MisterTea/EternalTerminal/commit/900348bb8bc96e1c7ba4888ac8480f643c43d3c3,external/easyloggingpp;src/terminal/UserTerminalRouter.hpp;src/terminal/UserTerminalRouter.cpp;src/base/LogHandler.cpp;.gitmodules;src/terminal/TerminalClient.cpp;src/base/PipeSocketHandler.cpp;src/terminal/forwarding/PortForwardHandler.cpp;CMakeLists.txt,Yes,d22f36158b825ae455adbefda0bc6c9267e6563a,50,9,900348bb8bc96e1c7ba4888ac8480f643c43d3c3,17,7,CVE-2022-24950,CWE-362
ettercap,https://github.com/Ettercap/ettercap/commit/e3abe7d7585ecc420a7cab73313216613aadad5a,src/dissectors/ec_postgresql.c,No,ed8d9dd8c66b6a8edea9884ad753a676ad40f56c,1,1,e3abe7d7585ecc420a7cab73313216613aadad5a,7,3,,
evolution,https://gitlab.gnome.org/GNOME/evolution/commit/9c55a311325f5905d8b8403b96607e46cf343f21,src/em-format/e-mail-parser.c,No,09a7a16a5f2e6595a773c3804f08f10986137b17,133,5,9c55a311325f5905d8b8403b96607e46cf343f21,63,0,,
evolution-data-server,https://git.gnome.org/browse/evolution-data-server/commit/?id=5d8b92c622f6927b253762ff9310479dd3ac627d,camel/camel-gpg-context.c,No,3e789c94bffbaa7621262de3f88d92d38b15e0af,36,32,5d8b92c622f6927b253762ff9310479dd3ac627d,13,1,CVE-2013-4166,CWE-200
evolution-data-server,https://gitlab.gnome.org/GNOME/evolution-data-server/-/commit/2cc39592b532cf0dc994fd3694b8e6bf924c9ab5,src/camel/providers/imapx/camel-imapx-server.c,No,67087142ad7c274fe99041ca17b08fc2334da741,355,342,2cc39592b532cf0dc994fd3694b8e6bf924c9ab5,2,1,,
evolution-data-server,https://gitlab.gnome.org/GNOME/evolution-data-server/commit/6672b8236139bd6ef41ecb915f4c72e2a052dba5,src/libedataserver/e-data-server-util.c,No,0e747c63355710c6054e5254b46ef02af84831ad,60,7,6672b8236139bd6ef41ecb915f4c72e2a052dba5,3,1,,
evolution-data-server,,camel/providers/imapx/camel-imapx-server.c,No,8a829b614c6d18d9bad74dcb8ed3ba0b2590fb90,19,10,f26a6f672096790d0bbd76903db4c9a2e44f116b,3,2,,
exif,https://github.com/libexif/exif/commit/eb84b0e3c5f2a86013b6fcfb800d187896a648fa,exif/actions.c,Yes,f6334d9d32437ef13dc902f0a88a2be0063d9d1c,2,0,eb84b0e3c5f2a86013b6fcfb800d187896a648fa,1,1,CVE-2021-27815,CWE-476
exif,https://github.com/libexif/exif/commit/f6334d9d32437ef13dc902f0a88a2be0063d9d1c,exif/actions.c,No,5091d97b8978b6ce2c828568abc47af3865382c9,99,82,f6334d9d32437ef13dc902f0a88a2be0063d9d1c,2,0,CVE-2021-27815,CWE-476
exiv2,https://github.com/Exiv2/exiv2/commit/6e3855aed7ba8bb4731fc4087ca7f9078b2f3d97,src/error.cpp;src/image.cpp;include/exiv2/value.hpp;src/bigtiffimage.cpp;test/data/bugfixes-test.out;src/basicio.cpp,No,9aad5cd6df95315a95141b9c305d437fa82c5d05,0,0,6e3855aed7ba8bb4731fc4087ca7f9078b2f3d97,22,6,CVE-2017-17723,CWE-125
exiv2,https://github.com/Exiv2/exiv2/commit/e925bc5addd881543fa503470c8a859e112cca62,src/webpimage.cpp,No,a048325e18d5328fc00b80cd2f0bf70a8f35ad9b,22,0,e925bc5addd881543fa503470c8a859e112cca62,3,2,,
exiv2,https://github.com/Exiv2/exiv2/commit/8cd95e221889e41e9cc153e2cfb5a7b41c7bc7a4,test/data/issue_789_poc1.png;src/pngimage.cpp;tests/bugfixes/github/test_issue_789.py,No,f05d100579effd7459fd0715b26239d4cd2c9bcc,19,5,8cd95e221889e41e9cc153e2cfb5a7b41c7bc7a4,25,5,,
exiv2,https://github.com/Exiv2/exiv2/commit/b3d077dcaefb6747fff8204490f33eba5a144edb,src/crwimage_int.cpp,No,274b65a6710739987859843256b103307baca1d8,14,0,b3d077dcaefb6747fff8204490f33eba5a144edb,7,2,,
exiv2,https://github.com/Exiv2/exiv2/commit/c0ecc2ae36f34462be98623deb85ba1747ae2175,src/crwimage_int.cpp;tests/bugfixes/github/test_issue_843.py;test/data/issue_843_poc.crw,No,f4a37c63f2f890c16ff7192fc89a75a7c34ae82b,10,21,c0ecc2ae36f34462be98623deb85ba1747ae2175,24,2,,
exiv2,https://github.com/Exiv2/exiv2/commit/ae20c30805b330275b2aa0303a42e1f2bbd53661,src/http.cpp,No,c79af9f5adb33043c0a5aaae1a30120cd98ef694,7,4,ae20c30805b330275b2aa0303a42e1f2bbd53661,19,5,,
exiv2,https://github.com/Exiv2/exiv2/commit/783b3a6ff15ed6f82a8f8e6c8a6f3b84a9b04d4b,src/webpimage.cpp,No,dbde0bc5367e2ad29909ed84170e3fe4c28c9dea,22,0,783b3a6ff15ed6f82a8f8e6c8a6f3b84a9b04d4b,30,11,,
exiv2,https://github.com/Exiv2/exiv2/commit/ccde30afa8ca787a3fe17388a15977f107a53b72,src/http.cpp,No,19e0693920b687ee789c37c4068e829e083d3838,8,9,ccde30afa8ca787a3fe17388a15977f107a53b72,21,7,,
exiv2,https://github.com/Exiv2/exiv2/commit/afb98cbc6e288dc8ea75f3394a347fb9b37abc55,src/tiffimage.cpp,Yes,8ff26931e31bb25d66c69846f47f3f5b6d9a32f1,2,19,afb98cbc6e288dc8ea75f3394a347fb9b37abc55,1,1,,
exiv2,https://github.com/Exiv2/exiv2/commit/c73d1e27198a389ce7caf52ac30f8e2120acdafd,include/exiv2/webpimage.hpp;include/exiv2/basicio.hpp;tests/bugfixes/github/test_issue_791.py;src/webpimage.cpp;test/data/issue_791_poc1.webp;src/basicio.cpp,No,b5e3b5687cf937a998fb9873c64c2e4d812736ad,67,17,c73d1e27198a389ce7caf52ac30f8e2120acdafd,78,12,,
exiv2,https://github.com/Exiv2/exiv2/commit/68966932510213b5656fcf433ab6d7e26f48e23b,src/psdimage.cpp,No,b6bc4262c45fbfca238e8ca3178a5cc0697fed7c,14,0,68966932510213b5656fcf433ab6d7e26f48e23b,3,1,,
exiv2,https://github.com/Exiv2/exiv2/commit/6e42c1b55e0fc4f360cc56010b0ffe19aa6062d9,src/easyaccess.cpp,No,dc04cc92ebd6dd475a6c20ebc6f6fe80022856d5,12,0,6e42c1b55e0fc4f360cc56010b0ffe19aa6062d9,2,2,,
exiv2,https://github.com/Exiv2/exiv2/commit/ae49250942f4395639961abeed3c15920fcd7241,src/image.cpp,No,59013f2e2fc5ee51bc71e85222f56a35f8daa570,6,2,ae49250942f4395639961abeed3c15920fcd7241,5,2,,
exiv2,https://github.com/Exiv2/exiv2/commit/caa4e6745a76a23bb80127cf54c0d65096ae684c,test/data/issue_791_poc1.webp;include/exiv2/webpimage.hpp;src/webpimage.cpp;tests/bugfixes/github/test_issue_791.py,No,db870755b928cca7411a092ce12292afe9c4fa36,67,17,caa4e6745a76a23bb80127cf54c0d65096ae684c,52,12,,
exiv2,https://github.com/Exiv2/exiv2/commit/491c3ebe3b3faa6d8f75fb28146186792c2439da,test/data/issue_790_poc2.png;src/pngimage.cpp;tests/bugfixes/github/test_issue_790.py,No,adcfb90949fc05fa44dde29768b2d5f030d87a46,29,0,491c3ebe3b3faa6d8f75fb28146186792c2439da,29,0,,
exiv2,https://github.com/Exiv2/exiv2/commit/74cb5bab132ed76adf15df172c5e8b58cddaa96c,src/bigtiffimage.cpp;src/image.cpp,Yes,d8ae4484aeed52d9baa4317223743eebd30ba8e9,18,18,74cb5bab132ed76adf15df172c5e8b58cddaa96c,2,2,,
exiv2,https://github.com/Exiv2/exiv2/commit/1647908e00a4df7246d76678e59587e62c690dcd,src/bigtiffimage.cpp,No,4be065595e4b81e876e32c9c4705f8313f896d43,1243,0,1647908e00a4df7246d76678e59587e62c690dcd,7,5,,
exiv2,https://github.com/Exiv2/exiv2/commit/f6ee71526eef5649a529ac6da3f2843e3b63e227,src/jp2image.cpp,No,e118d145150649f79bd9e60807ec7c48b8cd433d,22,0,f6ee71526eef5649a529ac6da3f2843e3b63e227,3,0,,
exiv2,https://github.com/Exiv2/exiv2/commit/9628f82084ed30d494ddd4f7360d233801e22967,src/crwimage_int.cpp;tests/bugfixes/github/test_issue_843.py;test/data/issue_843_poc.crw,No,dd31ac778ceb72e12e2986202ba2202ef32624fb,56,61,9628f82084ed30d494ddd4f7360d233801e22967,24,2,,
exiv2,https://github.com/Exiv2/exiv2/commit/35b3e596edacd2437c2c5d3dd2b5c9502626163d,src/pngchunk_int.cpp,No,6da77e2c644d04e6e459d12a133730af22b8c1dc,7,0,35b3e596edacd2437c2c5d3dd2b5c9502626163d,37,26,,
exiv2,https://github.com/Exiv2/exiv2/commit/b7c71f3ad0386cd7af3b73443c0615ada073f0d5,src/psdimage.cpp,Yes,68966932510213b5656fcf433ab6d7e26f48e23b,3,1,b7c71f3ad0386cd7af3b73443c0615ada073f0d5,4,0,,
exiv2,https://github.com/Exiv2/exiv2/commit/6fa2e31206127bd8bcac0269311f3775a8d6ea21,test/data/issue_790_poc2.png;src/pngimage.cpp;tests/bugfixes/github/test_issue_790.py,No,fe3f3248dd5c3eff5333a8a1969f3a83fd2249ad,29,0,6fa2e31206127bd8bcac0269311f3775a8d6ea21,29,0,,
exiv2,https://github.com/Exiv2/exiv2/commit/670fb73dd5ee8acab90971c4878de29f9fc43a02,src/tiffimage.cpp,No,3f97960a1c4eb3794de678952eab676172e5876c,14,0,670fb73dd5ee8acab90971c4878de29f9fc43a02,13,5,,
exiv2,https://github.com/Exiv2/exiv2/commit/43f154f44b838e6b232193ccbd48e5a2e94bdd35,src/pngchunk_int.cpp,Yes,d3e69f6d2c60bd06bf1c0564b919989ecfc89ec1,40,3,43f154f44b838e6b232193ccbd48e5a2e94bdd35,1,2,,
exiv2,https://github.com/Exiv2/exiv2/commit/9a38066b8eddf3948696a3362aac29e012ebe690,src/pngimage.cpp,No,b090f4d7c53238768e7a7a19fb367473fc70806b,17,12,9a38066b8eddf3948696a3362aac29e012ebe690,15,1,,
exiv2,https://github.com/Exiv2/exiv2/commit/c72d16f4c402a8acc2dfe06fe3d58bf6cf99069e,src/mrwimage.cpp;src/crwimage_int.cpp;src/tiffimage.cpp;include/exiv2/basicio.hpp;include/exiv2/xmp_exiv2.hpp;src/tiffcomposite_int.cpp;include/exiv2/types.hpp;src/webpimage.cpp;src/tiffvisitor_int.cpp;include/exiv2/exif.hpp;src/iptc.cpp;src/xmpsidecar.cpp;src/pngimage.cpp;src/psdimage.cpp;samples/tiff-test.cpp;include/exiv2/metadatum.hpp;src/types.cpp;src/basicio.cpp;include/exiv2/image.hpp;src/value.cpp;src/tiffcomposite_int.hpp;src/rafimage.cpp;src/xmp.cpp;src/bigtiffimage.cpp;src/makernote_int.cpp;src/exif.cpp;src/tiffimage_int.cpp;include/exiv2/jpgimage.hpp;src/pngchunk_int.hpp;samples/iotest.cpp;src/convert.cpp;include/exiv2/value.hpp;src/image.cpp;src/jp2image.cpp;include/exiv2/iptc.hpp;src/makernote_int.hpp;src/pgfimage.cpp;src/actions.cpp;src/crwimage.cpp;src/jpgimage.cpp;src/preview.cpp;src/pngchunk_int.cpp,No,f3a13a912f99e473d5a5c2d6040619edab20a701,9,7,c72d16f4c402a8acc2dfe06fe3d58bf6cf99069e,351,361,,
exiv2,https://github.com/Exiv2/exiv2/commit/9b7a19f957af53304655ed1efe32253a1b11a8d0,src/crwimage_int.cpp,No,c92ac88cb0ebe72a5a17654fe6cecf411ab1e572,20,0,9b7a19f957af53304655ed1efe32253a1b11a8d0,5,1,,
exiv2,https://github.com/Exiv2/exiv2/commit/09c734fbcd98b3ae880a90d669569c95242f477e,src/tiffimage.cpp;src/iptc.cpp;src/jpgimage.cpp;src/pngimage.cpp;include/exiv2/iptc.hpp,No,5182c06c22cb2aa99c02ce96886f529197dd29a6,3,0,09c734fbcd98b3ae880a90d669569c95242f477e,37,49,,
exiv2,https://github.com/Exiv2/exiv2/commit/bdf8d3ad5b7275b10eef3a0e3a713859cb3f6c2f,test/data/exiv2-bug1108.exv;test/bugfixes-test.sh;src/jpgimage.cpp;src/pngimage.cpp;test/data/bugfixes-test.out,No,36b42eabebe31df042c4f2e91ae0bf3f55624607,2,2,bdf8d3ad5b7275b10eef3a0e3a713859cb3f6c2f,56,10,,
exiv2,https://github.com/Exiv2/exiv2/commit/bd0afe0390439b2c424d881c8c6eb0c5624e31d9,unitTests/CMakeLists.txt;unitTests/test_basicio.cpp;src/basicio.cpp,No,f650c6c97359ae8ed88914fbb9c97b17efdd75e2,4,8,bd0afe0390439b2c424d881c8c6eb0c5624e31d9,84,1,CVE-2019-13504,CWE-125
exiv2,https://github.com/Exiv2/exiv2/commit/f9308839198aca5e68a65194f151a1de92398f54,src/jp2image.cpp,No,e1686ebc3893db3b5a3b9842e8b047473dde5b72,43,0,f9308839198aca5e68a65194f151a1de92398f54,9,5,CVE-2021-29464,CWE-703
exo,https://github.com/xfce-mirror/exo/commit/c71c04ff5882b2866a0d8506fb460d4ef796de9f,exo-open/main.c,No,e75ba4a9bb72e9caba2d5c94c8c9d0ad6a62a64b,1,1,c71c04ff5882b2866a0d8506fb460d4ef796de9f,10,0,CVE-2022-32278,
ext-http,https://github.com/m6w6/ext-http/commit/17137d4ab1ce81a2cee0fae842340a344ef3da83,package.xml;src/php_http_params.c;.gitignore,No,3c7b514d38d844b855d430fcbaed6dea67c9c17b,1,1,17137d4ab1ce81a2cee0fae842340a344ef3da83,41,3,,
feh,https://github.com/derf/feh/commit/f7a547b7ef8fc8ebdeaa4c28515c9d72e592fb6d,src/wallpaper.c,No,a0072d60705b9764970d435ec59dfc5c53158748,22,3,f7a547b7ef8fc8ebdeaa4c28515c9d72e592fb6d,1,1,,
