project,vuln_commit,v_testname,fix_commit,f_testname,sourcefile
openssl,cce3e4adb78a8d3eeb6e0e4efe332fcc5d75f615,ssltest,939b4960276b040fc0ed52232238fcc9e2e9ec21,ssltest,ssl/ssl_sess.c
openssl,cce3e4adb78a8d3eeb6e0e4efe332fcc5d75f615,ssltest,939b4960276b040fc0ed52232238fcc9e2e9ec21,ssltest,ssl/ssl_err.c
openssl,cce3e4adb78a8d3eeb6e0e4efe332fcc5d75f615,ssltest,939b4960276b040fc0ed52232238fcc9e2e9ec21,ssltest,ssl/s3_clnt.c
openssl,2ec4181ba92fc6b828687d2dc47c13dcd35a5d93,ssltest,ca989269a2876bae79393bd54c3e72d49975fc75,ssltest,ssl/s3_lib.c
openssl,fb4f46763fed3c600db21974577061b611b6fa46,asn1test,cc598f321fbac9c04da5766243ed55d55948637d,asn1test,crypto/asn1/tasn_dec.c
openssl,fb4f46763fed3c600db21974577061b611b6fa46,bntest,cc598f321fbac9c04da5766243ed55d55948637d,bntest,crypto/asn1/tasn_dec.c
openssl,fb4f46763fed3c600db21974577061b611b6fa46,clienthellotest,cc598f321fbac9c04da5766243ed55d55948637d,clienthellotest,crypto/asn1/tasn_dec.c
openssl,fb4f46763fed3c600db21974577061b611b6fa46,dhtest,cc598f321fbac9c04da5766243ed55d55948637d,dhtest,crypto/asn1/tasn_dec.c
openssl,fb4f46763fed3c600db21974577061b611b6fa46,dsatest,cc598f321fbac9c04da5766243ed55d55948637d,dsatest,crypto/asn1/tasn_dec.c
openssl,fb4f46763fed3c600db21974577061b611b6fa46,ecdhtest,cc598f321fbac9c04da5766243ed55d55948637d,ecdhtest,crypto/asn1/tasn_dec.c
openssl,fb4f46763fed3c600db21974577061b611b6fa46,ecdsatest,cc598f321fbac9c04da5766243ed55d55948637d,ecdsatest,crypto/asn1/tasn_dec.c
openssl,fb4f46763fed3c600db21974577061b611b6fa46,ectest,cc598f321fbac9c04da5766243ed55d55948637d,ectest,crypto/asn1/tasn_dec.c
openssl,fb4f46763fed3c600db21974577061b611b6fa46,enginetest,cc598f321fbac9c04da5766243ed55d55948637d,enginetest,crypto/asn1/tasn_dec.c
openssl,fb4f46763fed3c600db21974577061b611b6fa46,evp_extra_test,cc598f321fbac9c04da5766243ed55d55948637d,evp_extra_test,crypto/asn1/tasn_dec.c
openssl,fb4f46763fed3c600db21974577061b611b6fa46,evp_test,cc598f321fbac9c04da5766243ed55d55948637d,evp_test,crypto/asn1/tasn_dec.c
openssl,fb4f46763fed3c600db21974577061b611b6fa46,exptest,cc598f321fbac9c04da5766243ed55d55948637d,exptest,crypto/asn1/tasn_dec.c
openssl,fb4f46763fed3c600db21974577061b611b6fa46,hmactest,cc598f321fbac9c04da5766243ed55d55948637d,hmactest,crypto/asn1/tasn_dec.c
openssl,fb4f46763fed3c600db21974577061b611b6fa46,igetest,cc598f321fbac9c04da5766243ed55d55948637d,igetest,crypto/asn1/tasn_dec.c
openssl,fb4f46763fed3c600db21974577061b611b6fa46,md4test,cc598f321fbac9c04da5766243ed55d55948637d,md4test,crypto/asn1/tasn_dec.c
openssl,fb4f46763fed3c600db21974577061b611b6fa46,md5test,cc598f321fbac9c04da5766243ed55d55948637d,md5test,crypto/asn1/tasn_dec.c
openssl,fb4f46763fed3c600db21974577061b611b6fa46,mdc2test,cc598f321fbac9c04da5766243ed55d55948637d,mdc2test,crypto/asn1/tasn_dec.c
openssl,fb4f46763fed3c600db21974577061b611b6fa46,randtest,cc598f321fbac9c04da5766243ed55d55948637d,randtest,crypto/asn1/tasn_dec.c
openssl,fb4f46763fed3c600db21974577061b611b6fa46,rmdtest,cc598f321fbac9c04da5766243ed55d55948637d,rmdtest,crypto/asn1/tasn_dec.c
openssl,fb4f46763fed3c600db21974577061b611b6fa46,rsa_test,cc598f321fbac9c04da5766243ed55d55948637d,rsa_test,crypto/asn1/tasn_dec.c
openssl,fb4f46763fed3c600db21974577061b611b6fa46,sha1test,cc598f321fbac9c04da5766243ed55d55948637d,sha1test,crypto/asn1/tasn_dec.c
openssl,fb4f46763fed3c600db21974577061b611b6fa46,shatest,cc598f321fbac9c04da5766243ed55d55948637d,shatest,crypto/asn1/tasn_dec.c
openssl,fb4f46763fed3c600db21974577061b611b6fa46,srptest,cc598f321fbac9c04da5766243ed55d55948637d,srptest,crypto/asn1/tasn_dec.c
openssl,fb4f46763fed3c600db21974577061b611b6fa46,ssltest,cc598f321fbac9c04da5766243ed55d55948637d,ssltest,crypto/asn1/tasn_dec.c
openssl,fb4f46763fed3c600db21974577061b611b6fa46,v3nametest,cc598f321fbac9c04da5766243ed55d55948637d,v3nametest,crypto/asn1/tasn_dec.c
openssl,fb4f46763fed3c600db21974577061b611b6fa46,verify_extra_test,cc598f321fbac9c04da5766243ed55d55948637d,verify_extra_test,crypto/asn1/tasn_dec.c
openssl,b29ffa392e839d05171206523e84909146f7a77c,bntest,d8541d7e9e63bf5f343af24644046c8d96498c17,bntest,crypto/rsa/rsa_ameth.c
openssl,b29ffa392e839d05171206523e84909146f7a77c,clienthellotest,d8541d7e9e63bf5f343af24644046c8d96498c17,clienthellotest,crypto/rsa/rsa_ameth.c
openssl,b29ffa392e839d05171206523e84909146f7a77c,dhtest,d8541d7e9e63bf5f343af24644046c8d96498c17,dhtest,crypto/rsa/rsa_ameth.c
openssl,b29ffa392e839d05171206523e84909146f7a77c,dsatest,d8541d7e9e63bf5f343af24644046c8d96498c17,dsatest,crypto/rsa/rsa_ameth.c
openssl,b29ffa392e839d05171206523e84909146f7a77c,ecdhtest,d8541d7e9e63bf5f343af24644046c8d96498c17,ecdhtest,crypto/rsa/rsa_ameth.c
openssl,b29ffa392e839d05171206523e84909146f7a77c,ecdsatest,d8541d7e9e63bf5f343af24644046c8d96498c17,ecdsatest,crypto/rsa/rsa_ameth.c
openssl,b29ffa392e839d05171206523e84909146f7a77c,ectest,d8541d7e9e63bf5f343af24644046c8d96498c17,ectest,crypto/rsa/rsa_ameth.c
openssl,b29ffa392e839d05171206523e84909146f7a77c,enginetest,d8541d7e9e63bf5f343af24644046c8d96498c17,enginetest,crypto/rsa/rsa_ameth.c
openssl,b29ffa392e839d05171206523e84909146f7a77c,evp_extra_test,d8541d7e9e63bf5f343af24644046c8d96498c17,evp_extra_test,crypto/rsa/rsa_ameth.c
openssl,b29ffa392e839d05171206523e84909146f7a77c,evp_test,d8541d7e9e63bf5f343af24644046c8d96498c17,evp_test,crypto/rsa/rsa_ameth.c
openssl,b29ffa392e839d05171206523e84909146f7a77c,exptest,d8541d7e9e63bf5f343af24644046c8d96498c17,exptest,crypto/rsa/rsa_ameth.c
openssl,b29ffa392e839d05171206523e84909146f7a77c,hmactest,d8541d7e9e63bf5f343af24644046c8d96498c17,hmactest,crypto/rsa/rsa_ameth.c
openssl,b29ffa392e839d05171206523e84909146f7a77c,igetest,d8541d7e9e63bf5f343af24644046c8d96498c17,igetest,crypto/rsa/rsa_ameth.c
openssl,b29ffa392e839d05171206523e84909146f7a77c,md4test,d8541d7e9e63bf5f343af24644046c8d96498c17,md4test,crypto/rsa/rsa_ameth.c
openssl,b29ffa392e839d05171206523e84909146f7a77c,md5test,d8541d7e9e63bf5f343af24644046c8d96498c17,md5test,crypto/rsa/rsa_ameth.c
openssl,b29ffa392e839d05171206523e84909146f7a77c,mdc2test,d8541d7e9e63bf5f343af24644046c8d96498c17,mdc2test,crypto/rsa/rsa_ameth.c
openssl,b29ffa392e839d05171206523e84909146f7a77c,randtest,d8541d7e9e63bf5f343af24644046c8d96498c17,randtest,crypto/rsa/rsa_ameth.c
openssl,b29ffa392e839d05171206523e84909146f7a77c,rmdtest,d8541d7e9e63bf5f343af24644046c8d96498c17,rmdtest,crypto/rsa/rsa_ameth.c
openssl,b29ffa392e839d05171206523e84909146f7a77c,rsa_test,d8541d7e9e63bf5f343af24644046c8d96498c17,rsa_test,crypto/rsa/rsa_ameth.c
openssl,b29ffa392e839d05171206523e84909146f7a77c,sha1test,d8541d7e9e63bf5f343af24644046c8d96498c17,sha1test,crypto/rsa/rsa_ameth.c
openssl,b29ffa392e839d05171206523e84909146f7a77c,shatest,d8541d7e9e63bf5f343af24644046c8d96498c17,shatest,crypto/rsa/rsa_ameth.c
openssl,b29ffa392e839d05171206523e84909146f7a77c,srptest,d8541d7e9e63bf5f343af24644046c8d96498c17,srptest,crypto/rsa/rsa_ameth.c
openssl,b29ffa392e839d05171206523e84909146f7a77c,ssltest,d8541d7e9e63bf5f343af24644046c8d96498c17,ssltest,crypto/rsa/rsa_ameth.c
openssl,b29ffa392e839d05171206523e84909146f7a77c,verify_extra_test,d8541d7e9e63bf5f343af24644046c8d96498c17,verify_extra_test,crypto/rsa/rsa_ameth.c
openssl,d73cc256c8e256c32ed959456101b73ba9842f72,bntest,c394a488942387246653833359a5c94b5832674e,bntest,crypto/rsa/rsa_ameth.c
openssl,d73cc256c8e256c32ed959456101b73ba9842f72,clienthellotest,c394a488942387246653833359a5c94b5832674e,clienthellotest,crypto/rsa/rsa_ameth.c
openssl,d73cc256c8e256c32ed959456101b73ba9842f72,dhtest,c394a488942387246653833359a5c94b5832674e,dhtest,crypto/rsa/rsa_ameth.c
openssl,d73cc256c8e256c32ed959456101b73ba9842f72,dsatest,c394a488942387246653833359a5c94b5832674e,dsatest,crypto/rsa/rsa_ameth.c
openssl,d73cc256c8e256c32ed959456101b73ba9842f72,ecdhtest,c394a488942387246653833359a5c94b5832674e,ecdhtest,crypto/rsa/rsa_ameth.c
openssl,d73cc256c8e256c32ed959456101b73ba9842f72,ecdsatest,c394a488942387246653833359a5c94b5832674e,ecdsatest,crypto/rsa/rsa_ameth.c
openssl,d73cc256c8e256c32ed959456101b73ba9842f72,ectest,c394a488942387246653833359a5c94b5832674e,ectest,crypto/rsa/rsa_ameth.c
openssl,d73cc256c8e256c32ed959456101b73ba9842f72,enginetest,c394a488942387246653833359a5c94b5832674e,enginetest,crypto/rsa/rsa_ameth.c
openssl,d73cc256c8e256c32ed959456101b73ba9842f72,evp_extra_test,c394a488942387246653833359a5c94b5832674e,evp_extra_test,crypto/rsa/rsa_ameth.c
openssl,d73cc256c8e256c32ed959456101b73ba9842f72,evp_test,c394a488942387246653833359a5c94b5832674e,evp_test,crypto/rsa/rsa_ameth.c
openssl,d73cc256c8e256c32ed959456101b73ba9842f72,exptest,c394a488942387246653833359a5c94b5832674e,exptest,crypto/rsa/rsa_ameth.c
openssl,d73cc256c8e256c32ed959456101b73ba9842f72,hmactest,c394a488942387246653833359a5c94b5832674e,hmactest,crypto/rsa/rsa_ameth.c
openssl,d73cc256c8e256c32ed959456101b73ba9842f72,igetest,c394a488942387246653833359a5c94b5832674e,igetest,crypto/rsa/rsa_ameth.c
openssl,d73cc256c8e256c32ed959456101b73ba9842f72,md4test,c394a488942387246653833359a5c94b5832674e,md4test,crypto/rsa/rsa_ameth.c
openssl,d73cc256c8e256c32ed959456101b73ba9842f72,md5test,c394a488942387246653833359a5c94b5832674e,md5test,crypto/rsa/rsa_ameth.c
openssl,d73cc256c8e256c32ed959456101b73ba9842f72,mdc2test,c394a488942387246653833359a5c94b5832674e,mdc2test,crypto/rsa/rsa_ameth.c
openssl,d73cc256c8e256c32ed959456101b73ba9842f72,randtest,c394a488942387246653833359a5c94b5832674e,randtest,crypto/rsa/rsa_ameth.c
openssl,d73cc256c8e256c32ed959456101b73ba9842f72,rmdtest,c394a488942387246653833359a5c94b5832674e,rmdtest,crypto/rsa/rsa_ameth.c
openssl,d73cc256c8e256c32ed959456101b73ba9842f72,rsa_test,c394a488942387246653833359a5c94b5832674e,rsa_test,crypto/rsa/rsa_ameth.c
openssl,d73cc256c8e256c32ed959456101b73ba9842f72,sha1test,c394a488942387246653833359a5c94b5832674e,sha1test,crypto/rsa/rsa_ameth.c
openssl,d73cc256c8e256c32ed959456101b73ba9842f72,shatest,c394a488942387246653833359a5c94b5832674e,shatest,crypto/rsa/rsa_ameth.c
openssl,d73cc256c8e256c32ed959456101b73ba9842f72,srptest,c394a488942387246653833359a5c94b5832674e,srptest,crypto/rsa/rsa_ameth.c
openssl,d73cc256c8e256c32ed959456101b73ba9842f72,ssltest,c394a488942387246653833359a5c94b5832674e,ssltest,crypto/rsa/rsa_ameth.c
openssl,d73cc256c8e256c32ed959456101b73ba9842f72,v3nametest,c394a488942387246653833359a5c94b5832674e,v3nametest,crypto/rsa/rsa_ameth.c
openssl,d73cc256c8e256c32ed959456101b73ba9842f72,verify_extra_test,c394a488942387246653833359a5c94b5832674e,verify_extra_test,crypto/rsa/rsa_ameth.c
openssl,cb6e0ed17a61ae3711d385f517d61be2b4c33a55,bntest,9a0db453ba017ebcaccbee933ee6511a9ae4d1c8,bntest,crypto/x509/x509_vfy.c
openssl,cb6e0ed17a61ae3711d385f517d61be2b4c33a55,dhtest,9a0db453ba017ebcaccbee933ee6511a9ae4d1c8,dhtest,crypto/x509/x509_vfy.c
openssl,cb6e0ed17a61ae3711d385f517d61be2b4c33a55,dsatest,9a0db453ba017ebcaccbee933ee6511a9ae4d1c8,dsatest,crypto/x509/x509_vfy.c
openssl,cb6e0ed17a61ae3711d385f517d61be2b4c33a55,ecdhtest,9a0db453ba017ebcaccbee933ee6511a9ae4d1c8,ecdhtest,crypto/x509/x509_vfy.c
openssl,cb6e0ed17a61ae3711d385f517d61be2b4c33a55,ecdsatest,9a0db453ba017ebcaccbee933ee6511a9ae4d1c8,ecdsatest,crypto/x509/x509_vfy.c
openssl,cb6e0ed17a61ae3711d385f517d61be2b4c33a55,ectest,9a0db453ba017ebcaccbee933ee6511a9ae4d1c8,ectest,crypto/x509/x509_vfy.c
openssl,cb6e0ed17a61ae3711d385f517d61be2b4c33a55,enginetest,9a0db453ba017ebcaccbee933ee6511a9ae4d1c8,enginetest,crypto/x509/x509_vfy.c
openssl,cb6e0ed17a61ae3711d385f517d61be2b4c33a55,evp_extra_test,9a0db453ba017ebcaccbee933ee6511a9ae4d1c8,evp_extra_test,crypto/x509/x509_vfy.c
openssl,cb6e0ed17a61ae3711d385f517d61be2b4c33a55,evp_test,9a0db453ba017ebcaccbee933ee6511a9ae4d1c8,evp_test,crypto/x509/x509_vfy.c
openssl,cb6e0ed17a61ae3711d385f517d61be2b4c33a55,exptest,9a0db453ba017ebcaccbee933ee6511a9ae4d1c8,exptest,crypto/x509/x509_vfy.c
openssl,cb6e0ed17a61ae3711d385f517d61be2b4c33a55,hmactest,9a0db453ba017ebcaccbee933ee6511a9ae4d1c8,hmactest,crypto/x509/x509_vfy.c
openssl,cb6e0ed17a61ae3711d385f517d61be2b4c33a55,igetest,9a0db453ba017ebcaccbee933ee6511a9ae4d1c8,igetest,crypto/x509/x509_vfy.c
openssl,cb6e0ed17a61ae3711d385f517d61be2b4c33a55,md4test,9a0db453ba017ebcaccbee933ee6511a9ae4d1c8,md4test,crypto/x509/x509_vfy.c
openssl,cb6e0ed17a61ae3711d385f517d61be2b4c33a55,md5test,9a0db453ba017ebcaccbee933ee6511a9ae4d1c8,md5test,crypto/x509/x509_vfy.c
openssl,cb6e0ed17a61ae3711d385f517d61be2b4c33a55,mdc2test,9a0db453ba017ebcaccbee933ee6511a9ae4d1c8,mdc2test,crypto/x509/x509_vfy.c
openssl,cb6e0ed17a61ae3711d385f517d61be2b4c33a55,randtest,9a0db453ba017ebcaccbee933ee6511a9ae4d1c8,randtest,crypto/x509/x509_vfy.c
openssl,cb6e0ed17a61ae3711d385f517d61be2b4c33a55,rmdtest,9a0db453ba017ebcaccbee933ee6511a9ae4d1c8,rmdtest,crypto/x509/x509_vfy.c
openssl,cb6e0ed17a61ae3711d385f517d61be2b4c33a55,rsa_test,9a0db453ba017ebcaccbee933ee6511a9ae4d1c8,rsa_test,crypto/x509/x509_vfy.c
openssl,cb6e0ed17a61ae3711d385f517d61be2b4c33a55,sha1test,9a0db453ba017ebcaccbee933ee6511a9ae4d1c8,sha1test,crypto/x509/x509_vfy.c
openssl,cb6e0ed17a61ae3711d385f517d61be2b4c33a55,shatest,9a0db453ba017ebcaccbee933ee6511a9ae4d1c8,shatest,crypto/x509/x509_vfy.c
openssl,cb6e0ed17a61ae3711d385f517d61be2b4c33a55,srptest,9a0db453ba017ebcaccbee933ee6511a9ae4d1c8,srptest,crypto/x509/x509_vfy.c
openssl,cb6e0ed17a61ae3711d385f517d61be2b4c33a55,ssltest,9a0db453ba017ebcaccbee933ee6511a9ae4d1c8,ssltest,crypto/x509/x509_vfy.c
openssl,014265eb02e26f35c8db58e2ccbf100b0b2f0072,bntest,62e4506a7d4cec1c8e1ff687f6b220f6a62a57c7,bntest,crypto/asn1/a_verify.c
openssl,014265eb02e26f35c8db58e2ccbf100b0b2f0072,dhtest,62e4506a7d4cec1c8e1ff687f6b220f6a62a57c7,dhtest,crypto/asn1/a_verify.c
openssl,014265eb02e26f35c8db58e2ccbf100b0b2f0072,dsatest,62e4506a7d4cec1c8e1ff687f6b220f6a62a57c7,dsatest,crypto/asn1/a_verify.c
openssl,014265eb02e26f35c8db58e2ccbf100b0b2f0072,ecdhtest,62e4506a7d4cec1c8e1ff687f6b220f6a62a57c7,ecdhtest,crypto/asn1/a_verify.c
openssl,014265eb02e26f35c8db58e2ccbf100b0b2f0072,ecdsatest,62e4506a7d4cec1c8e1ff687f6b220f6a62a57c7,ecdsatest,crypto/asn1/a_verify.c
openssl,014265eb02e26f35c8db58e2ccbf100b0b2f0072,ectest,62e4506a7d4cec1c8e1ff687f6b220f6a62a57c7,ectest,crypto/asn1/a_verify.c
openssl,014265eb02e26f35c8db58e2ccbf100b0b2f0072,enginetest,62e4506a7d4cec1c8e1ff687f6b220f6a62a57c7,enginetest,crypto/asn1/a_verify.c
openssl,014265eb02e26f35c8db58e2ccbf100b0b2f0072,evp_test,62e4506a7d4cec1c8e1ff687f6b220f6a62a57c7,evp_test,crypto/asn1/a_verify.c
openssl,014265eb02e26f35c8db58e2ccbf100b0b2f0072,exptest,62e4506a7d4cec1c8e1ff687f6b220f6a62a57c7,exptest,crypto/asn1/a_verify.c
openssl,014265eb02e26f35c8db58e2ccbf100b0b2f0072,hmactest,62e4506a7d4cec1c8e1ff687f6b220f6a62a57c7,hmactest,crypto/asn1/a_verify.c
openssl,014265eb02e26f35c8db58e2ccbf100b0b2f0072,igetest,62e4506a7d4cec1c8e1ff687f6b220f6a62a57c7,igetest,crypto/asn1/a_verify.c
openssl,014265eb02e26f35c8db58e2ccbf100b0b2f0072,md4test,62e4506a7d4cec1c8e1ff687f6b220f6a62a57c7,md4test,crypto/asn1/a_verify.c
openssl,014265eb02e26f35c8db58e2ccbf100b0b2f0072,md5test,62e4506a7d4cec1c8e1ff687f6b220f6a62a57c7,md5test,crypto/asn1/a_verify.c
openssl,014265eb02e26f35c8db58e2ccbf100b0b2f0072,mdc2test,62e4506a7d4cec1c8e1ff687f6b220f6a62a57c7,mdc2test,crypto/asn1/a_verify.c
openssl,014265eb02e26f35c8db58e2ccbf100b0b2f0072,randtest,62e4506a7d4cec1c8e1ff687f6b220f6a62a57c7,randtest,crypto/asn1/a_verify.c
openssl,014265eb02e26f35c8db58e2ccbf100b0b2f0072,rmdtest,62e4506a7d4cec1c8e1ff687f6b220f6a62a57c7,rmdtest,crypto/asn1/a_verify.c
openssl,014265eb02e26f35c8db58e2ccbf100b0b2f0072,rsa_test,62e4506a7d4cec1c8e1ff687f6b220f6a62a57c7,rsa_test,crypto/asn1/a_verify.c
openssl,014265eb02e26f35c8db58e2ccbf100b0b2f0072,sha1test,62e4506a7d4cec1c8e1ff687f6b220f6a62a57c7,sha1test,crypto/asn1/a_verify.c
openssl,014265eb02e26f35c8db58e2ccbf100b0b2f0072,shatest,62e4506a7d4cec1c8e1ff687f6b220f6a62a57c7,shatest,crypto/asn1/a_verify.c
openssl,014265eb02e26f35c8db58e2ccbf100b0b2f0072,srptest,62e4506a7d4cec1c8e1ff687f6b220f6a62a57c7,srptest,crypto/asn1/a_verify.c
openssl,014265eb02e26f35c8db58e2ccbf100b0b2f0072,ssltest,62e4506a7d4cec1c8e1ff687f6b220f6a62a57c7,ssltest,crypto/asn1/a_verify.c
openssl,dd2dee60f343a28cd93e065c7dae7619885515ff,evp_test,66e8211c0b1347970096e04b18aa52567c325200,evp_test,crypto/asn1/a_verify.c
openssl,dd2dee60f343a28cd93e065c7dae7619885515ff,ssltest,66e8211c0b1347970096e04b18aa52567c325200,ssltest,crypto/asn1/a_verify.c
openssl,1dfa62d4c871a9007904812e06bdddb2d530ff64,bntest,ebc71865f0506a293242bd4aec97cdc7a8ef24b0,bntest,crypto/asn1/a_verify.c
openssl,1dfa62d4c871a9007904812e06bdddb2d530ff64,dhtest,ebc71865f0506a293242bd4aec97cdc7a8ef24b0,dhtest,crypto/asn1/a_verify.c
openssl,1dfa62d4c871a9007904812e06bdddb2d530ff64,dsatest,ebc71865f0506a293242bd4aec97cdc7a8ef24b0,dsatest,crypto/asn1/a_verify.c
openssl,1dfa62d4c871a9007904812e06bdddb2d530ff64,ecdhtest,ebc71865f0506a293242bd4aec97cdc7a8ef24b0,ecdhtest,crypto/asn1/a_verify.c
openssl,1dfa62d4c871a9007904812e06bdddb2d530ff64,ecdsatest,ebc71865f0506a293242bd4aec97cdc7a8ef24b0,ecdsatest,crypto/asn1/a_verify.c
openssl,1dfa62d4c871a9007904812e06bdddb2d530ff64,ectest,ebc71865f0506a293242bd4aec97cdc7a8ef24b0,ectest,crypto/asn1/a_verify.c
openssl,1dfa62d4c871a9007904812e06bdddb2d530ff64,enginetest,ebc71865f0506a293242bd4aec97cdc7a8ef24b0,enginetest,crypto/asn1/a_verify.c
openssl,1dfa62d4c871a9007904812e06bdddb2d530ff64,evp_test,ebc71865f0506a293242bd4aec97cdc7a8ef24b0,evp_test,crypto/asn1/a_verify.c
openssl,1dfa62d4c871a9007904812e06bdddb2d530ff64,exptest,ebc71865f0506a293242bd4aec97cdc7a8ef24b0,exptest,crypto/asn1/a_verify.c
openssl,1dfa62d4c871a9007904812e06bdddb2d530ff64,hmactest,ebc71865f0506a293242bd4aec97cdc7a8ef24b0,hmactest,crypto/asn1/a_verify.c
openssl,1dfa62d4c871a9007904812e06bdddb2d530ff64,igetest,ebc71865f0506a293242bd4aec97cdc7a8ef24b0,igetest,crypto/asn1/a_verify.c
openssl,1dfa62d4c871a9007904812e06bdddb2d530ff64,md4test,ebc71865f0506a293242bd4aec97cdc7a8ef24b0,md4test,crypto/asn1/a_verify.c
openssl,1dfa62d4c871a9007904812e06bdddb2d530ff64,md5test,ebc71865f0506a293242bd4aec97cdc7a8ef24b0,md5test,crypto/asn1/a_verify.c
openssl,1dfa62d4c871a9007904812e06bdddb2d530ff64,mdc2test,ebc71865f0506a293242bd4aec97cdc7a8ef24b0,mdc2test,crypto/asn1/a_verify.c
openssl,1dfa62d4c871a9007904812e06bdddb2d530ff64,randtest,ebc71865f0506a293242bd4aec97cdc7a8ef24b0,randtest,crypto/asn1/a_verify.c
openssl,1dfa62d4c871a9007904812e06bdddb2d530ff64,rmdtest,ebc71865f0506a293242bd4aec97cdc7a8ef24b0,rmdtest,crypto/asn1/a_verify.c
openssl,1dfa62d4c871a9007904812e06bdddb2d530ff64,rsa_test,ebc71865f0506a293242bd4aec97cdc7a8ef24b0,rsa_test,crypto/asn1/a_verify.c
openssl,1dfa62d4c871a9007904812e06bdddb2d530ff64,sha1test,ebc71865f0506a293242bd4aec97cdc7a8ef24b0,sha1test,crypto/asn1/a_verify.c
openssl,1dfa62d4c871a9007904812e06bdddb2d530ff64,shatest,ebc71865f0506a293242bd4aec97cdc7a8ef24b0,shatest,crypto/asn1/a_verify.c
openssl,1dfa62d4c871a9007904812e06bdddb2d530ff64,ssltest,ebc71865f0506a293242bd4aec97cdc7a8ef24b0,ssltest,crypto/asn1/a_verify.c
openssl,8b84495380098592ef7bb2fa9209ccb87803bf1d,ssltest,77c77f0a1b9f15b869ca3342186dfbedd1119d0e,ssltest,ssl/s3_pkt.c
openssl,819418110b6fff4a7b96f01a5d68f71df3e3b736,asn1test,b717b083073b6cacc0a5e2397b661678aff7ae7f,asn1test,crypto/asn1/tasn_dec.c
openssl,819418110b6fff4a7b96f01a5d68f71df3e3b736,bntest,b717b083073b6cacc0a5e2397b661678aff7ae7f,bntest,crypto/asn1/tasn_dec.c
openssl,819418110b6fff4a7b96f01a5d68f71df3e3b736,dhtest,b717b083073b6cacc0a5e2397b661678aff7ae7f,dhtest,crypto/asn1/tasn_dec.c
openssl,819418110b6fff4a7b96f01a5d68f71df3e3b736,dsatest,b717b083073b6cacc0a5e2397b661678aff7ae7f,dsatest,crypto/asn1/tasn_dec.c
openssl,819418110b6fff4a7b96f01a5d68f71df3e3b736,ecdhtest,b717b083073b6cacc0a5e2397b661678aff7ae7f,ecdhtest,crypto/asn1/tasn_dec.c
openssl,819418110b6fff4a7b96f01a5d68f71df3e3b736,ecdsatest,b717b083073b6cacc0a5e2397b661678aff7ae7f,ecdsatest,crypto/asn1/tasn_dec.c
openssl,819418110b6fff4a7b96f01a5d68f71df3e3b736,ectest,b717b083073b6cacc0a5e2397b661678aff7ae7f,ectest,crypto/asn1/tasn_dec.c
openssl,819418110b6fff4a7b96f01a5d68f71df3e3b736,enginetest,b717b083073b6cacc0a5e2397b661678aff7ae7f,enginetest,crypto/asn1/tasn_dec.c
openssl,819418110b6fff4a7b96f01a5d68f71df3e3b736,evp_extra_test,b717b083073b6cacc0a5e2397b661678aff7ae7f,evp_extra_test,crypto/asn1/tasn_dec.c
openssl,819418110b6fff4a7b96f01a5d68f71df3e3b736,evp_test,b717b083073b6cacc0a5e2397b661678aff7ae7f,evp_test,crypto/asn1/tasn_dec.c
openssl,819418110b6fff4a7b96f01a5d68f71df3e3b736,exptest,b717b083073b6cacc0a5e2397b661678aff7ae7f,exptest,crypto/asn1/tasn_dec.c
openssl,819418110b6fff4a7b96f01a5d68f71df3e3b736,hmactest,b717b083073b6cacc0a5e2397b661678aff7ae7f,hmactest,crypto/asn1/tasn_dec.c
openssl,819418110b6fff4a7b96f01a5d68f71df3e3b736,igetest,b717b083073b6cacc0a5e2397b661678aff7ae7f,igetest,crypto/asn1/tasn_dec.c
openssl,819418110b6fff4a7b96f01a5d68f71df3e3b736,md4test,b717b083073b6cacc0a5e2397b661678aff7ae7f,md4test,crypto/asn1/tasn_dec.c
openssl,819418110b6fff4a7b96f01a5d68f71df3e3b736,md5test,b717b083073b6cacc0a5e2397b661678aff7ae7f,md5test,crypto/asn1/tasn_dec.c
openssl,819418110b6fff4a7b96f01a5d68f71df3e3b736,mdc2test,b717b083073b6cacc0a5e2397b661678aff7ae7f,mdc2test,crypto/asn1/tasn_dec.c
openssl,819418110b6fff4a7b96f01a5d68f71df3e3b736,randtest,b717b083073b6cacc0a5e2397b661678aff7ae7f,randtest,crypto/asn1/tasn_dec.c
openssl,819418110b6fff4a7b96f01a5d68f71df3e3b736,rmdtest,b717b083073b6cacc0a5e2397b661678aff7ae7f,rmdtest,crypto/asn1/tasn_dec.c
openssl,819418110b6fff4a7b96f01a5d68f71df3e3b736,rsa_test,b717b083073b6cacc0a5e2397b661678aff7ae7f,rsa_test,crypto/asn1/tasn_dec.c
openssl,819418110b6fff4a7b96f01a5d68f71df3e3b736,sha1test,b717b083073b6cacc0a5e2397b661678aff7ae7f,sha1test,crypto/asn1/tasn_dec.c
openssl,819418110b6fff4a7b96f01a5d68f71df3e3b736,shatest,b717b083073b6cacc0a5e2397b661678aff7ae7f,shatest,crypto/asn1/tasn_dec.c
openssl,819418110b6fff4a7b96f01a5d68f71df3e3b736,srptest,b717b083073b6cacc0a5e2397b661678aff7ae7f,srptest,crypto/asn1/tasn_dec.c
openssl,819418110b6fff4a7b96f01a5d68f71df3e3b736,ssltest,b717b083073b6cacc0a5e2397b661678aff7ae7f,ssltest,crypto/asn1/tasn_dec.c
openssl,819418110b6fff4a7b96f01a5d68f71df3e3b736,v3nametest,b717b083073b6cacc0a5e2397b661678aff7ae7f,v3nametest,crypto/asn1/tasn_dec.c
openssl,b19d8143212ae5fbc9cebfd51c01f802fabccd33,asn1test,c3c7fb07dc975dc3c9de0eddb7d8fd79fc9c67c1,asn1test,crypto/asn1/a_type.c
openssl,b19d8143212ae5fbc9cebfd51c01f802fabccd33,bntest,c3c7fb07dc975dc3c9de0eddb7d8fd79fc9c67c1,bntest,crypto/asn1/a_type.c
openssl,b19d8143212ae5fbc9cebfd51c01f802fabccd33,dhtest,c3c7fb07dc975dc3c9de0eddb7d8fd79fc9c67c1,dhtest,crypto/asn1/a_type.c
openssl,b19d8143212ae5fbc9cebfd51c01f802fabccd33,dsatest,c3c7fb07dc975dc3c9de0eddb7d8fd79fc9c67c1,dsatest,crypto/asn1/a_type.c
openssl,b19d8143212ae5fbc9cebfd51c01f802fabccd33,ecdhtest,c3c7fb07dc975dc3c9de0eddb7d8fd79fc9c67c1,ecdhtest,crypto/asn1/a_type.c
openssl,b19d8143212ae5fbc9cebfd51c01f802fabccd33,ecdsatest,c3c7fb07dc975dc3c9de0eddb7d8fd79fc9c67c1,ecdsatest,crypto/asn1/a_type.c
openssl,b19d8143212ae5fbc9cebfd51c01f802fabccd33,ectest,c3c7fb07dc975dc3c9de0eddb7d8fd79fc9c67c1,ectest,crypto/asn1/a_type.c
openssl,b19d8143212ae5fbc9cebfd51c01f802fabccd33,enginetest,c3c7fb07dc975dc3c9de0eddb7d8fd79fc9c67c1,enginetest,crypto/asn1/a_type.c
openssl,b19d8143212ae5fbc9cebfd51c01f802fabccd33,evp_extra_test,c3c7fb07dc975dc3c9de0eddb7d8fd79fc9c67c1,evp_extra_test,crypto/asn1/a_type.c
openssl,b19d8143212ae5fbc9cebfd51c01f802fabccd33,evp_test,c3c7fb07dc975dc3c9de0eddb7d8fd79fc9c67c1,evp_test,crypto/asn1/a_type.c
openssl,b19d8143212ae5fbc9cebfd51c01f802fabccd33,exptest,c3c7fb07dc975dc3c9de0eddb7d8fd79fc9c67c1,exptest,crypto/asn1/a_type.c
openssl,b19d8143212ae5fbc9cebfd51c01f802fabccd33,hmactest,c3c7fb07dc975dc3c9de0eddb7d8fd79fc9c67c1,hmactest,crypto/asn1/a_type.c
openssl,b19d8143212ae5fbc9cebfd51c01f802fabccd33,igetest,c3c7fb07dc975dc3c9de0eddb7d8fd79fc9c67c1,igetest,crypto/asn1/a_type.c
openssl,b19d8143212ae5fbc9cebfd51c01f802fabccd33,md4test,c3c7fb07dc975dc3c9de0eddb7d8fd79fc9c67c1,md4test,crypto/asn1/a_type.c
openssl,b19d8143212ae5fbc9cebfd51c01f802fabccd33,md5test,c3c7fb07dc975dc3c9de0eddb7d8fd79fc9c67c1,md5test,crypto/asn1/a_type.c
openssl,b19d8143212ae5fbc9cebfd51c01f802fabccd33,mdc2test,c3c7fb07dc975dc3c9de0eddb7d8fd79fc9c67c1,mdc2test,crypto/asn1/a_type.c
openssl,b19d8143212ae5fbc9cebfd51c01f802fabccd33,randtest,c3c7fb07dc975dc3c9de0eddb7d8fd79fc9c67c1,randtest,crypto/asn1/a_type.c
openssl,b19d8143212ae5fbc9cebfd51c01f802fabccd33,rmdtest,c3c7fb07dc975dc3c9de0eddb7d8fd79fc9c67c1,rmdtest,crypto/asn1/a_type.c
openssl,b19d8143212ae5fbc9cebfd51c01f802fabccd33,rsa_test,c3c7fb07dc975dc3c9de0eddb7d8fd79fc9c67c1,rsa_test,crypto/asn1/a_type.c
openssl,b19d8143212ae5fbc9cebfd51c01f802fabccd33,sha1test,c3c7fb07dc975dc3c9de0eddb7d8fd79fc9c67c1,sha1test,crypto/asn1/a_type.c
openssl,b19d8143212ae5fbc9cebfd51c01f802fabccd33,shatest,c3c7fb07dc975dc3c9de0eddb7d8fd79fc9c67c1,shatest,crypto/asn1/a_type.c
openssl,b19d8143212ae5fbc9cebfd51c01f802fabccd33,srptest,c3c7fb07dc975dc3c9de0eddb7d8fd79fc9c67c1,srptest,crypto/asn1/a_type.c
openssl,b19d8143212ae5fbc9cebfd51c01f802fabccd33,ssltest,c3c7fb07dc975dc3c9de0eddb7d8fd79fc9c67c1,ssltest,crypto/asn1/a_type.c
openssl,b19d8143212ae5fbc9cebfd51c01f802fabccd33,v3nametest,c3c7fb07dc975dc3c9de0eddb7d8fd79fc9c67c1,v3nametest,crypto/asn1/a_type.c
openssl,0b142f022e2c5072295e00ebc11c5b707a726d74,ssltest,e1b568dd2462f7cacf98f3d117936c34e2849a6b,ssltest,ssl/s3_clnt.c
openssl,f15a7e39a1f7d41716ca5f07faef74f55147d2cf,bad_dtls_test,6e629b5be45face20b4ca71c4fcbfed78b864a2e,bad_dtls_test,crypto/x509/x509_vfy.c
openssl,f15a7e39a1f7d41716ca5f07faef74f55147d2cf,bntest,6e629b5be45face20b4ca71c4fcbfed78b864a2e,bntest,crypto/x509/x509_vfy.c
openssl,f15a7e39a1f7d41716ca5f07faef74f55147d2cf,clienthellotest,6e629b5be45face20b4ca71c4fcbfed78b864a2e,clienthellotest,crypto/x509/x509_vfy.c
openssl,f15a7e39a1f7d41716ca5f07faef74f55147d2cf,dhtest,6e629b5be45face20b4ca71c4fcbfed78b864a2e,dhtest,crypto/x509/x509_vfy.c
openssl,f15a7e39a1f7d41716ca5f07faef74f55147d2cf,dsatest,6e629b5be45face20b4ca71c4fcbfed78b864a2e,dsatest,crypto/x509/x509_vfy.c
openssl,f15a7e39a1f7d41716ca5f07faef74f55147d2cf,dtlstest,6e629b5be45face20b4ca71c4fcbfed78b864a2e,dtlstest,crypto/x509/x509_vfy.c
openssl,f15a7e39a1f7d41716ca5f07faef74f55147d2cf,ecdhtest,6e629b5be45face20b4ca71c4fcbfed78b864a2e,ecdhtest,crypto/x509/x509_vfy.c
openssl,f15a7e39a1f7d41716ca5f07faef74f55147d2cf,ecdsatest,6e629b5be45face20b4ca71c4fcbfed78b864a2e,ecdsatest,crypto/x509/x509_vfy.c
openssl,f15a7e39a1f7d41716ca5f07faef74f55147d2cf,ectest,6e629b5be45face20b4ca71c4fcbfed78b864a2e,ectest,crypto/x509/x509_vfy.c
openssl,f15a7e39a1f7d41716ca5f07faef74f55147d2cf,enginetest,6e629b5be45face20b4ca71c4fcbfed78b864a2e,enginetest,crypto/x509/x509_vfy.c
openssl,f15a7e39a1f7d41716ca5f07faef74f55147d2cf,evp_extra_test,6e629b5be45face20b4ca71c4fcbfed78b864a2e,evp_extra_test,crypto/x509/x509_vfy.c
openssl,f15a7e39a1f7d41716ca5f07faef74f55147d2cf,evp_test,6e629b5be45face20b4ca71c4fcbfed78b864a2e,evp_test,crypto/x509/x509_vfy.c
openssl,f15a7e39a1f7d41716ca5f07faef74f55147d2cf,exptest,6e629b5be45face20b4ca71c4fcbfed78b864a2e,exptest,crypto/x509/x509_vfy.c
openssl,f15a7e39a1f7d41716ca5f07faef74f55147d2cf,hmactest,6e629b5be45face20b4ca71c4fcbfed78b864a2e,hmactest,crypto/x509/x509_vfy.c
openssl,f15a7e39a1f7d41716ca5f07faef74f55147d2cf,igetest,6e629b5be45face20b4ca71c4fcbfed78b864a2e,igetest,crypto/x509/x509_vfy.c
openssl,f15a7e39a1f7d41716ca5f07faef74f55147d2cf,md4test,6e629b5be45face20b4ca71c4fcbfed78b864a2e,md4test,crypto/x509/x509_vfy.c
openssl,f15a7e39a1f7d41716ca5f07faef74f55147d2cf,md5test,6e629b5be45face20b4ca71c4fcbfed78b864a2e,md5test,crypto/x509/x509_vfy.c
openssl,f15a7e39a1f7d41716ca5f07faef74f55147d2cf,mdc2test,6e629b5be45face20b4ca71c4fcbfed78b864a2e,mdc2test,crypto/x509/x509_vfy.c
openssl,f15a7e39a1f7d41716ca5f07faef74f55147d2cf,randtest,6e629b5be45face20b4ca71c4fcbfed78b864a2e,randtest,crypto/x509/x509_vfy.c
openssl,f15a7e39a1f7d41716ca5f07faef74f55147d2cf,rmdtest,6e629b5be45face20b4ca71c4fcbfed78b864a2e,rmdtest,crypto/x509/x509_vfy.c
openssl,f15a7e39a1f7d41716ca5f07faef74f55147d2cf,rsa_test,6e629b5be45face20b4ca71c4fcbfed78b864a2e,rsa_test,crypto/x509/x509_vfy.c
openssl,f15a7e39a1f7d41716ca5f07faef74f55147d2cf,sha1test,6e629b5be45face20b4ca71c4fcbfed78b864a2e,sha1test,crypto/x509/x509_vfy.c
openssl,f15a7e39a1f7d41716ca5f07faef74f55147d2cf,shatest,6e629b5be45face20b4ca71c4fcbfed78b864a2e,shatest,crypto/x509/x509_vfy.c
openssl,f15a7e39a1f7d41716ca5f07faef74f55147d2cf,srptest,6e629b5be45face20b4ca71c4fcbfed78b864a2e,srptest,crypto/x509/x509_vfy.c
openssl,f15a7e39a1f7d41716ca5f07faef74f55147d2cf,ssltest,6e629b5be45face20b4ca71c4fcbfed78b864a2e,ssltest,crypto/x509/x509_vfy.c
openssl,f15a7e39a1f7d41716ca5f07faef74f55147d2cf,sslv2conftest,6e629b5be45face20b4ca71c4fcbfed78b864a2e,sslv2conftest,crypto/x509/x509_vfy.c
openssl,f15a7e39a1f7d41716ca5f07faef74f55147d2cf,v3nametest,6e629b5be45face20b4ca71c4fcbfed78b864a2e,v3nametest,crypto/x509/x509_vfy.c
openssl,f15a7e39a1f7d41716ca5f07faef74f55147d2cf,verify_extra_test,6e629b5be45face20b4ca71c4fcbfed78b864a2e,verify_extra_test,crypto/x509/x509_vfy.c
openssl,151adf2e5cc23284a059e0f155505006a1c9fad9,clienthellotest,2c0d295e26306e15a92eb23a84a1802005c1c137,clienthellotest,ssl/t1_lib.c
openssl,151adf2e5cc23284a059e0f155505006a1c9fad9,ssltest,2c0d295e26306e15a92eb23a84a1802005c1c137,ssltest,ssl/t1_lib.c
openssl,d9d09a8d0f2a42d02e9a4b11a9ac395a0e15b8ba,ssltest,7fd4ce6a997be5f5c9e744ac527725c2850de203,ssltest,ssl/t1_lib.c
openssl,0042fb5fd1c9d257d713b15a1f45da05cf5c1c87,ssltest,fb0bc2b273bcc2d5401dd883fe869af4fc74bb21,ssltest,ssl/t1_lib.c
openssl,17160033765480453be0a41335fa6b833691c049,bntest,0042fb5fd1c9d257d713b15a1f45da05cf5c1c87,bntest,crypto/asn1/a_object.c
openssl,17160033765480453be0a41335fa6b833691c049,bntest,0042fb5fd1c9d257d713b15a1f45da05cf5c1c87,bntest,crypto/objects/obj_dat.c
openssl,17160033765480453be0a41335fa6b833691c049,destest,0042fb5fd1c9d257d713b15a1f45da05cf5c1c87,destest,crypto/asn1/a_object.c
openssl,17160033765480453be0a41335fa6b833691c049,destest,0042fb5fd1c9d257d713b15a1f45da05cf5c1c87,destest,crypto/objects/obj_dat.c
openssl,17160033765480453be0a41335fa6b833691c049,dhtest,0042fb5fd1c9d257d713b15a1f45da05cf5c1c87,dhtest,crypto/asn1/a_object.c
openssl,17160033765480453be0a41335fa6b833691c049,dhtest,0042fb5fd1c9d257d713b15a1f45da05cf5c1c87,dhtest,crypto/objects/obj_dat.c
openssl,17160033765480453be0a41335fa6b833691c049,dsatest,0042fb5fd1c9d257d713b15a1f45da05cf5c1c87,dsatest,crypto/asn1/a_object.c
openssl,17160033765480453be0a41335fa6b833691c049,dsatest,0042fb5fd1c9d257d713b15a1f45da05cf5c1c87,dsatest,crypto/objects/obj_dat.c
openssl,17160033765480453be0a41335fa6b833691c049,dummytest,0042fb5fd1c9d257d713b15a1f45da05cf5c1c87,dummytest,crypto/asn1/a_object.c
openssl,17160033765480453be0a41335fa6b833691c049,dummytest,0042fb5fd1c9d257d713b15a1f45da05cf5c1c87,dummytest,crypto/objects/obj_dat.c
openssl,17160033765480453be0a41335fa6b833691c049,ecdhtest,0042fb5fd1c9d257d713b15a1f45da05cf5c1c87,ecdhtest,crypto/asn1/a_object.c
openssl,17160033765480453be0a41335fa6b833691c049,ecdhtest,0042fb5fd1c9d257d713b15a1f45da05cf5c1c87,ecdhtest,crypto/objects/obj_dat.c
openssl,17160033765480453be0a41335fa6b833691c049,ecdsatest,0042fb5fd1c9d257d713b15a1f45da05cf5c1c87,ecdsatest,crypto/asn1/a_object.c
openssl,17160033765480453be0a41335fa6b833691c049,ecdsatest,0042fb5fd1c9d257d713b15a1f45da05cf5c1c87,ecdsatest,crypto/objects/obj_dat.c
openssl,17160033765480453be0a41335fa6b833691c049,ectest,0042fb5fd1c9d257d713b15a1f45da05cf5c1c87,ectest,crypto/asn1/a_object.c
openssl,17160033765480453be0a41335fa6b833691c049,ectest,0042fb5fd1c9d257d713b15a1f45da05cf5c1c87,ectest,crypto/objects/obj_dat.c
openssl,17160033765480453be0a41335fa6b833691c049,enginetest,0042fb5fd1c9d257d713b15a1f45da05cf5c1c87,enginetest,crypto/asn1/a_object.c
openssl,17160033765480453be0a41335fa6b833691c049,enginetest,0042fb5fd1c9d257d713b15a1f45da05cf5c1c87,enginetest,crypto/objects/obj_dat.c
openssl,17160033765480453be0a41335fa6b833691c049,evp_test,0042fb5fd1c9d257d713b15a1f45da05cf5c1c87,evp_test,crypto/asn1/a_object.c
openssl,17160033765480453be0a41335fa6b833691c049,evp_test,0042fb5fd1c9d257d713b15a1f45da05cf5c1c87,evp_test,crypto/objects/obj_dat.c
openssl,17160033765480453be0a41335fa6b833691c049,exptest,0042fb5fd1c9d257d713b15a1f45da05cf5c1c87,exptest,crypto/asn1/a_object.c
openssl,17160033765480453be0a41335fa6b833691c049,exptest,0042fb5fd1c9d257d713b15a1f45da05cf5c1c87,exptest,crypto/objects/obj_dat.c
openssl,17160033765480453be0a41335fa6b833691c049,hmactest,0042fb5fd1c9d257d713b15a1f45da05cf5c1c87,hmactest,crypto/asn1/a_object.c
openssl,17160033765480453be0a41335fa6b833691c049,hmactest,0042fb5fd1c9d257d713b15a1f45da05cf5c1c87,hmactest,crypto/objects/obj_dat.c
openssl,17160033765480453be0a41335fa6b833691c049,igetest,0042fb5fd1c9d257d713b15a1f45da05cf5c1c87,igetest,crypto/asn1/a_object.c
openssl,17160033765480453be0a41335fa6b833691c049,igetest,0042fb5fd1c9d257d713b15a1f45da05cf5c1c87,igetest,crypto/objects/obj_dat.c
openssl,17160033765480453be0a41335fa6b833691c049,jpaketest,0042fb5fd1c9d257d713b15a1f45da05cf5c1c87,jpaketest,crypto/asn1/a_object.c
openssl,17160033765480453be0a41335fa6b833691c049,jpaketest,0042fb5fd1c9d257d713b15a1f45da05cf5c1c87,jpaketest,crypto/objects/obj_dat.c
openssl,17160033765480453be0a41335fa6b833691c049,md2test,0042fb5fd1c9d257d713b15a1f45da05cf5c1c87,md2test,crypto/asn1/a_object.c
openssl,17160033765480453be0a41335fa6b833691c049,md2test,0042fb5fd1c9d257d713b15a1f45da05cf5c1c87,md2test,crypto/objects/obj_dat.c
openssl,17160033765480453be0a41335fa6b833691c049,md4test,0042fb5fd1c9d257d713b15a1f45da05cf5c1c87,md4test,crypto/asn1/a_object.c
openssl,17160033765480453be0a41335fa6b833691c049,md4test,0042fb5fd1c9d257d713b15a1f45da05cf5c1c87,md4test,crypto/objects/obj_dat.c
openssl,17160033765480453be0a41335fa6b833691c049,md5test,0042fb5fd1c9d257d713b15a1f45da05cf5c1c87,md5test,crypto/asn1/a_object.c
openssl,17160033765480453be0a41335fa6b833691c049,md5test,0042fb5fd1c9d257d713b15a1f45da05cf5c1c87,md5test,crypto/objects/obj_dat.c
openssl,17160033765480453be0a41335fa6b833691c049,mdc2test,0042fb5fd1c9d257d713b15a1f45da05cf5c1c87,mdc2test,crypto/asn1/a_object.c
openssl,17160033765480453be0a41335fa6b833691c049,mdc2test,0042fb5fd1c9d257d713b15a1f45da05cf5c1c87,mdc2test,crypto/objects/obj_dat.c
openssl,17160033765480453be0a41335fa6b833691c049,p5_crpt2_test,0042fb5fd1c9d257d713b15a1f45da05cf5c1c87,p5_crpt2_test,crypto/asn1/a_object.c
openssl,17160033765480453be0a41335fa6b833691c049,p5_crpt2_test,0042fb5fd1c9d257d713b15a1f45da05cf5c1c87,p5_crpt2_test,crypto/objects/obj_dat.c
openssl,17160033765480453be0a41335fa6b833691c049,randtest,0042fb5fd1c9d257d713b15a1f45da05cf5c1c87,randtest,crypto/asn1/a_object.c
openssl,17160033765480453be0a41335fa6b833691c049,randtest,0042fb5fd1c9d257d713b15a1f45da05cf5c1c87,randtest,crypto/objects/obj_dat.c
openssl,17160033765480453be0a41335fa6b833691c049,rc5test,0042fb5fd1c9d257d713b15a1f45da05cf5c1c87,rc5test,crypto/asn1/a_object.c
openssl,17160033765480453be0a41335fa6b833691c049,rc5test,0042fb5fd1c9d257d713b15a1f45da05cf5c1c87,rc5test,crypto/objects/obj_dat.c
openssl,17160033765480453be0a41335fa6b833691c049,rmdtest,0042fb5fd1c9d257d713b15a1f45da05cf5c1c87,rmdtest,crypto/asn1/a_object.c
openssl,17160033765480453be0a41335fa6b833691c049,rmdtest,0042fb5fd1c9d257d713b15a1f45da05cf5c1c87,rmdtest,crypto/objects/obj_dat.c
openssl,17160033765480453be0a41335fa6b833691c049,rsa_test,0042fb5fd1c9d257d713b15a1f45da05cf5c1c87,rsa_test,crypto/asn1/a_object.c
openssl,17160033765480453be0a41335fa6b833691c049,rsa_test,0042fb5fd1c9d257d713b15a1f45da05cf5c1c87,rsa_test,crypto/objects/obj_dat.c
openssl,17160033765480453be0a41335fa6b833691c049,sha1test,0042fb5fd1c9d257d713b15a1f45da05cf5c1c87,sha1test,crypto/asn1/a_object.c
openssl,17160033765480453be0a41335fa6b833691c049,sha1test,0042fb5fd1c9d257d713b15a1f45da05cf5c1c87,sha1test,crypto/objects/obj_dat.c
openssl,17160033765480453be0a41335fa6b833691c049,shatest,0042fb5fd1c9d257d713b15a1f45da05cf5c1c87,shatest,crypto/asn1/a_object.c
openssl,17160033765480453be0a41335fa6b833691c049,shatest,0042fb5fd1c9d257d713b15a1f45da05cf5c1c87,shatest,crypto/objects/obj_dat.c
openssl,17160033765480453be0a41335fa6b833691c049,srptest,0042fb5fd1c9d257d713b15a1f45da05cf5c1c87,srptest,crypto/asn1/a_object.c
openssl,17160033765480453be0a41335fa6b833691c049,srptest,0042fb5fd1c9d257d713b15a1f45da05cf5c1c87,srptest,crypto/objects/obj_dat.c
openssl,17160033765480453be0a41335fa6b833691c049,ssltest,0042fb5fd1c9d257d713b15a1f45da05cf5c1c87,ssltest,crypto/asn1/a_object.c
openssl,17160033765480453be0a41335fa6b833691c049,ssltest,0042fb5fd1c9d257d713b15a1f45da05cf5c1c87,ssltest,crypto/objects/obj_dat.c
openssl,17160033765480453be0a41335fa6b833691c049,v3nametest,0042fb5fd1c9d257d713b15a1f45da05cf5c1c87,v3nametest,crypto/asn1/a_object.c
openssl,17160033765480453be0a41335fa6b833691c049,v3nametest,0042fb5fd1c9d257d713b15a1f45da05cf5c1c87,v3nametest,crypto/objects/obj_dat.c
openssl,259b664f950c2ba66fbf4b0fe5281327904ead21,asn1test,578b956fe741bf8e84055547b1e83c28dd902c73,asn1test,crypto/bio/b_print.c
openssl,259b664f950c2ba66fbf4b0fe5281327904ead21,bntest,578b956fe741bf8e84055547b1e83c28dd902c73,bntest,crypto/bio/b_print.c
openssl,259b664f950c2ba66fbf4b0fe5281327904ead21,clienthellotest,578b956fe741bf8e84055547b1e83c28dd902c73,clienthellotest,crypto/bio/b_print.c
openssl,259b664f950c2ba66fbf4b0fe5281327904ead21,destest,578b956fe741bf8e84055547b1e83c28dd902c73,destest,crypto/bio/b_print.c
openssl,259b664f950c2ba66fbf4b0fe5281327904ead21,dhtest,578b956fe741bf8e84055547b1e83c28dd902c73,dhtest,crypto/bio/b_print.c
openssl,259b664f950c2ba66fbf4b0fe5281327904ead21,dsatest,578b956fe741bf8e84055547b1e83c28dd902c73,dsatest,crypto/bio/b_print.c
openssl,259b664f950c2ba66fbf4b0fe5281327904ead21,dummytest,578b956fe741bf8e84055547b1e83c28dd902c73,dummytest,crypto/bio/b_print.c
openssl,259b664f950c2ba66fbf4b0fe5281327904ead21,ecdhtest,578b956fe741bf8e84055547b1e83c28dd902c73,ecdhtest,crypto/bio/b_print.c
openssl,259b664f950c2ba66fbf4b0fe5281327904ead21,ecdsatest,578b956fe741bf8e84055547b1e83c28dd902c73,ecdsatest,crypto/bio/b_print.c
openssl,259b664f950c2ba66fbf4b0fe5281327904ead21,ectest,578b956fe741bf8e84055547b1e83c28dd902c73,ectest,crypto/bio/b_print.c
openssl,259b664f950c2ba66fbf4b0fe5281327904ead21,enginetest,578b956fe741bf8e84055547b1e83c28dd902c73,enginetest,crypto/bio/b_print.c
openssl,259b664f950c2ba66fbf4b0fe5281327904ead21,evp_extra_test,578b956fe741bf8e84055547b1e83c28dd902c73,evp_extra_test,crypto/bio/b_print.c
openssl,259b664f950c2ba66fbf4b0fe5281327904ead21,evp_test,578b956fe741bf8e84055547b1e83c28dd902c73,evp_test,crypto/bio/b_print.c
openssl,259b664f950c2ba66fbf4b0fe5281327904ead21,exptest,578b956fe741bf8e84055547b1e83c28dd902c73,exptest,crypto/bio/b_print.c
openssl,259b664f950c2ba66fbf4b0fe5281327904ead21,hmactest,578b956fe741bf8e84055547b1e83c28dd902c73,hmactest,crypto/bio/b_print.c
openssl,259b664f950c2ba66fbf4b0fe5281327904ead21,igetest,578b956fe741bf8e84055547b1e83c28dd902c73,igetest,crypto/bio/b_print.c
openssl,259b664f950c2ba66fbf4b0fe5281327904ead21,jpaketest,578b956fe741bf8e84055547b1e83c28dd902c73,jpaketest,crypto/bio/b_print.c
openssl,259b664f950c2ba66fbf4b0fe5281327904ead21,md2test,578b956fe741bf8e84055547b1e83c28dd902c73,md2test,crypto/bio/b_print.c
openssl,259b664f950c2ba66fbf4b0fe5281327904ead21,md4test,578b956fe741bf8e84055547b1e83c28dd902c73,md4test,crypto/bio/b_print.c
openssl,259b664f950c2ba66fbf4b0fe5281327904ead21,md5test,578b956fe741bf8e84055547b1e83c28dd902c73,md5test,crypto/bio/b_print.c
openssl,259b664f950c2ba66fbf4b0fe5281327904ead21,mdc2test,578b956fe741bf8e84055547b1e83c28dd902c73,mdc2test,crypto/bio/b_print.c
openssl,259b664f950c2ba66fbf4b0fe5281327904ead21,randtest,578b956fe741bf8e84055547b1e83c28dd902c73,randtest,crypto/bio/b_print.c
openssl,259b664f950c2ba66fbf4b0fe5281327904ead21,rc4test,578b956fe741bf8e84055547b1e83c28dd902c73,rc4test,crypto/bio/b_print.c
openssl,259b664f950c2ba66fbf4b0fe5281327904ead21,rc5test,578b956fe741bf8e84055547b1e83c28dd902c73,rc5test,crypto/bio/b_print.c
openssl,259b664f950c2ba66fbf4b0fe5281327904ead21,rmdtest,578b956fe741bf8e84055547b1e83c28dd902c73,rmdtest,crypto/bio/b_print.c
openssl,259b664f950c2ba66fbf4b0fe5281327904ead21,rsa_test,578b956fe741bf8e84055547b1e83c28dd902c73,rsa_test,crypto/bio/b_print.c
openssl,259b664f950c2ba66fbf4b0fe5281327904ead21,sha1test,578b956fe741bf8e84055547b1e83c28dd902c73,sha1test,crypto/bio/b_print.c
openssl,259b664f950c2ba66fbf4b0fe5281327904ead21,shatest,578b956fe741bf8e84055547b1e83c28dd902c73,shatest,crypto/bio/b_print.c
openssl,259b664f950c2ba66fbf4b0fe5281327904ead21,srptest,578b956fe741bf8e84055547b1e83c28dd902c73,srptest,crypto/bio/b_print.c
openssl,259b664f950c2ba66fbf4b0fe5281327904ead21,ssltest,578b956fe741bf8e84055547b1e83c28dd902c73,ssltest,crypto/bio/b_print.c
openssl,259b664f950c2ba66fbf4b0fe5281327904ead21,v3nametest,578b956fe741bf8e84055547b1e83c28dd902c73,v3nametest,crypto/bio/b_print.c
openssl,259b664f950c2ba66fbf4b0fe5281327904ead21,verify_extra_test,578b956fe741bf8e84055547b1e83c28dd902c73,verify_extra_test,crypto/bio/b_print.c
openssl,56ea22458f3f5f1d0148b0a97957de4d56f3d328,bntest,2919516136a4227d9e6d8f2fe66ef976aaf8c561,bntest,crypto/x509/x509_obj.c
openssl,56ea22458f3f5f1d0148b0a97957de4d56f3d328,clienthellotest,2919516136a4227d9e6d8f2fe66ef976aaf8c561,clienthellotest,crypto/x509/x509_obj.c
openssl,56ea22458f3f5f1d0148b0a97957de4d56f3d328,dhtest,2919516136a4227d9e6d8f2fe66ef976aaf8c561,dhtest,crypto/x509/x509_obj.c
openssl,56ea22458f3f5f1d0148b0a97957de4d56f3d328,dsatest,2919516136a4227d9e6d8f2fe66ef976aaf8c561,dsatest,crypto/x509/x509_obj.c
openssl,56ea22458f3f5f1d0148b0a97957de4d56f3d328,ecdhtest,2919516136a4227d9e6d8f2fe66ef976aaf8c561,ecdhtest,crypto/x509/x509_obj.c
openssl,56ea22458f3f5f1d0148b0a97957de4d56f3d328,ecdsatest,2919516136a4227d9e6d8f2fe66ef976aaf8c561,ecdsatest,crypto/x509/x509_obj.c
openssl,56ea22458f3f5f1d0148b0a97957de4d56f3d328,ectest,2919516136a4227d9e6d8f2fe66ef976aaf8c561,ectest,crypto/x509/x509_obj.c
openssl,56ea22458f3f5f1d0148b0a97957de4d56f3d328,enginetest,2919516136a4227d9e6d8f2fe66ef976aaf8c561,enginetest,crypto/x509/x509_obj.c
openssl,56ea22458f3f5f1d0148b0a97957de4d56f3d328,evp_extra_test,2919516136a4227d9e6d8f2fe66ef976aaf8c561,evp_extra_test,crypto/x509/x509_obj.c
openssl,56ea22458f3f5f1d0148b0a97957de4d56f3d328,evp_test,2919516136a4227d9e6d8f2fe66ef976aaf8c561,evp_test,crypto/x509/x509_obj.c
openssl,56ea22458f3f5f1d0148b0a97957de4d56f3d328,exptest,2919516136a4227d9e6d8f2fe66ef976aaf8c561,exptest,crypto/x509/x509_obj.c
openssl,56ea22458f3f5f1d0148b0a97957de4d56f3d328,hmactest,2919516136a4227d9e6d8f2fe66ef976aaf8c561,hmactest,crypto/x509/x509_obj.c
openssl,56ea22458f3f5f1d0148b0a97957de4d56f3d328,igetest,2919516136a4227d9e6d8f2fe66ef976aaf8c561,igetest,crypto/x509/x509_obj.c
openssl,56ea22458f3f5f1d0148b0a97957de4d56f3d328,md4test,2919516136a4227d9e6d8f2fe66ef976aaf8c561,md4test,crypto/x509/x509_obj.c
openssl,56ea22458f3f5f1d0148b0a97957de4d56f3d328,md5test,2919516136a4227d9e6d8f2fe66ef976aaf8c561,md5test,crypto/x509/x509_obj.c
openssl,56ea22458f3f5f1d0148b0a97957de4d56f3d328,mdc2test,2919516136a4227d9e6d8f2fe66ef976aaf8c561,mdc2test,crypto/x509/x509_obj.c
openssl,56ea22458f3f5f1d0148b0a97957de4d56f3d328,randtest,2919516136a4227d9e6d8f2fe66ef976aaf8c561,randtest,crypto/x509/x509_obj.c
openssl,56ea22458f3f5f1d0148b0a97957de4d56f3d328,rmdtest,2919516136a4227d9e6d8f2fe66ef976aaf8c561,rmdtest,crypto/x509/x509_obj.c
openssl,56ea22458f3f5f1d0148b0a97957de4d56f3d328,rsa_test,2919516136a4227d9e6d8f2fe66ef976aaf8c561,rsa_test,crypto/x509/x509_obj.c
openssl,56ea22458f3f5f1d0148b0a97957de4d56f3d328,sha1test,2919516136a4227d9e6d8f2fe66ef976aaf8c561,sha1test,crypto/x509/x509_obj.c
openssl,56ea22458f3f5f1d0148b0a97957de4d56f3d328,shatest,2919516136a4227d9e6d8f2fe66ef976aaf8c561,shatest,crypto/x509/x509_obj.c
openssl,56ea22458f3f5f1d0148b0a97957de4d56f3d328,srptest,2919516136a4227d9e6d8f2fe66ef976aaf8c561,srptest,crypto/x509/x509_obj.c
openssl,56ea22458f3f5f1d0148b0a97957de4d56f3d328,ssltest,2919516136a4227d9e6d8f2fe66ef976aaf8c561,ssltest,crypto/x509/x509_obj.c
openssl,56ea22458f3f5f1d0148b0a97957de4d56f3d328,verify_extra_test,2919516136a4227d9e6d8f2fe66ef976aaf8c561,verify_extra_test,crypto/x509/x509_obj.c
openssl,2919516136a4227d9e6d8f2fe66ef976aaf8c561,bntest,5b814481f3573fa9677f3a31ee51322e2a22ee6a,bntest,crypto/evp/encode.c
openssl,2919516136a4227d9e6d8f2fe66ef976aaf8c561,clienthellotest,5b814481f3573fa9677f3a31ee51322e2a22ee6a,clienthellotest,crypto/evp/encode.c
openssl,2919516136a4227d9e6d8f2fe66ef976aaf8c561,dhtest,5b814481f3573fa9677f3a31ee51322e2a22ee6a,dhtest,crypto/evp/encode.c
openssl,2919516136a4227d9e6d8f2fe66ef976aaf8c561,dsatest,5b814481f3573fa9677f3a31ee51322e2a22ee6a,dsatest,crypto/evp/encode.c
openssl,2919516136a4227d9e6d8f2fe66ef976aaf8c561,ecdhtest,5b814481f3573fa9677f3a31ee51322e2a22ee6a,ecdhtest,crypto/evp/encode.c
openssl,2919516136a4227d9e6d8f2fe66ef976aaf8c561,ecdsatest,5b814481f3573fa9677f3a31ee51322e2a22ee6a,ecdsatest,crypto/evp/encode.c
openssl,2919516136a4227d9e6d8f2fe66ef976aaf8c561,ectest,5b814481f3573fa9677f3a31ee51322e2a22ee6a,ectest,crypto/evp/encode.c
openssl,2919516136a4227d9e6d8f2fe66ef976aaf8c561,enginetest,5b814481f3573fa9677f3a31ee51322e2a22ee6a,enginetest,crypto/evp/encode.c
openssl,2919516136a4227d9e6d8f2fe66ef976aaf8c561,evp_extra_test,5b814481f3573fa9677f3a31ee51322e2a22ee6a,evp_extra_test,crypto/evp/encode.c
openssl,2919516136a4227d9e6d8f2fe66ef976aaf8c561,evp_test,5b814481f3573fa9677f3a31ee51322e2a22ee6a,evp_test,crypto/evp/encode.c
openssl,2919516136a4227d9e6d8f2fe66ef976aaf8c561,exptest,5b814481f3573fa9677f3a31ee51322e2a22ee6a,exptest,crypto/evp/encode.c
openssl,2919516136a4227d9e6d8f2fe66ef976aaf8c561,hmactest,5b814481f3573fa9677f3a31ee51322e2a22ee6a,hmactest,crypto/evp/encode.c
openssl,2919516136a4227d9e6d8f2fe66ef976aaf8c561,igetest,5b814481f3573fa9677f3a31ee51322e2a22ee6a,igetest,crypto/evp/encode.c
openssl,2919516136a4227d9e6d8f2fe66ef976aaf8c561,md4test,5b814481f3573fa9677f3a31ee51322e2a22ee6a,md4test,crypto/evp/encode.c
openssl,2919516136a4227d9e6d8f2fe66ef976aaf8c561,md5test,5b814481f3573fa9677f3a31ee51322e2a22ee6a,md5test,crypto/evp/encode.c
openssl,2919516136a4227d9e6d8f2fe66ef976aaf8c561,mdc2test,5b814481f3573fa9677f3a31ee51322e2a22ee6a,mdc2test,crypto/evp/encode.c
openssl,2919516136a4227d9e6d8f2fe66ef976aaf8c561,randtest,5b814481f3573fa9677f3a31ee51322e2a22ee6a,randtest,crypto/evp/encode.c
openssl,2919516136a4227d9e6d8f2fe66ef976aaf8c561,rmdtest,5b814481f3573fa9677f3a31ee51322e2a22ee6a,rmdtest,crypto/evp/encode.c
openssl,2919516136a4227d9e6d8f2fe66ef976aaf8c561,rsa_test,5b814481f3573fa9677f3a31ee51322e2a22ee6a,rsa_test,crypto/evp/encode.c
openssl,2919516136a4227d9e6d8f2fe66ef976aaf8c561,sha1test,5b814481f3573fa9677f3a31ee51322e2a22ee6a,sha1test,crypto/evp/encode.c
openssl,2919516136a4227d9e6d8f2fe66ef976aaf8c561,shatest,5b814481f3573fa9677f3a31ee51322e2a22ee6a,shatest,crypto/evp/encode.c
openssl,2919516136a4227d9e6d8f2fe66ef976aaf8c561,srptest,5b814481f3573fa9677f3a31ee51322e2a22ee6a,srptest,crypto/evp/encode.c
openssl,2919516136a4227d9e6d8f2fe66ef976aaf8c561,ssltest,5b814481f3573fa9677f3a31ee51322e2a22ee6a,ssltest,crypto/evp/encode.c
openssl,2919516136a4227d9e6d8f2fe66ef976aaf8c561,verify_extra_test,5b814481f3573fa9677f3a31ee51322e2a22ee6a,verify_extra_test,crypto/evp/encode.c
openssl,64333004a41a9f4aa587b8e5401420fb70d00687,clienthellotest,259b664f950c2ba66fbf4b0fe5281327904ead21,clienthellotest,crypto/srp/srp_vfy.c
openssl,64333004a41a9f4aa587b8e5401420fb70d00687,srptest,259b664f950c2ba66fbf4b0fe5281327904ead21,srptest,crypto/srp/srp_vfy.c
openssl,64333004a41a9f4aa587b8e5401420fb70d00687,ssltest,259b664f950c2ba66fbf4b0fe5281327904ead21,ssltest,crypto/srp/srp_vfy.c
openssl,bc38a7d2d3c6082163c50ddf99464736110f2000,bntest,708dc2f1291e104fe4eef810bb8ffc1fae5b19c1,bntest,crypto/bn/bn_exp.c
openssl,bc38a7d2d3c6082163c50ddf99464736110f2000,clienthellotest,708dc2f1291e104fe4eef810bb8ffc1fae5b19c1,clienthellotest,crypto/bn/bn_exp.c
openssl,bc38a7d2d3c6082163c50ddf99464736110f2000,dhtest,708dc2f1291e104fe4eef810bb8ffc1fae5b19c1,dhtest,crypto/bn/bn_exp.c
openssl,bc38a7d2d3c6082163c50ddf99464736110f2000,dsatest,708dc2f1291e104fe4eef810bb8ffc1fae5b19c1,dsatest,crypto/bn/bn_exp.c
openssl,bc38a7d2d3c6082163c50ddf99464736110f2000,ecdhtest,708dc2f1291e104fe4eef810bb8ffc1fae5b19c1,ecdhtest,crypto/bn/bn_exp.c
openssl,bc38a7d2d3c6082163c50ddf99464736110f2000,ecdsatest,708dc2f1291e104fe4eef810bb8ffc1fae5b19c1,ecdsatest,crypto/bn/bn_exp.c
openssl,bc38a7d2d3c6082163c50ddf99464736110f2000,ectest,708dc2f1291e104fe4eef810bb8ffc1fae5b19c1,ectest,crypto/bn/bn_exp.c
openssl,bc38a7d2d3c6082163c50ddf99464736110f2000,enginetest,708dc2f1291e104fe4eef810bb8ffc1fae5b19c1,enginetest,crypto/bn/bn_exp.c
openssl,bc38a7d2d3c6082163c50ddf99464736110f2000,evp_extra_test,708dc2f1291e104fe4eef810bb8ffc1fae5b19c1,evp_extra_test,crypto/bn/bn_exp.c
openssl,bc38a7d2d3c6082163c50ddf99464736110f2000,evp_test,708dc2f1291e104fe4eef810bb8ffc1fae5b19c1,evp_test,crypto/bn/bn_exp.c
openssl,bc38a7d2d3c6082163c50ddf99464736110f2000,exptest,708dc2f1291e104fe4eef810bb8ffc1fae5b19c1,exptest,crypto/bn/bn_exp.c
openssl,bc38a7d2d3c6082163c50ddf99464736110f2000,hmactest,708dc2f1291e104fe4eef810bb8ffc1fae5b19c1,hmactest,crypto/bn/bn_exp.c
openssl,bc38a7d2d3c6082163c50ddf99464736110f2000,igetest,708dc2f1291e104fe4eef810bb8ffc1fae5b19c1,igetest,crypto/bn/bn_exp.c
openssl,bc38a7d2d3c6082163c50ddf99464736110f2000,md4test,708dc2f1291e104fe4eef810bb8ffc1fae5b19c1,md4test,crypto/bn/bn_exp.c
openssl,bc38a7d2d3c6082163c50ddf99464736110f2000,md5test,708dc2f1291e104fe4eef810bb8ffc1fae5b19c1,md5test,crypto/bn/bn_exp.c
openssl,bc38a7d2d3c6082163c50ddf99464736110f2000,mdc2test,708dc2f1291e104fe4eef810bb8ffc1fae5b19c1,mdc2test,crypto/bn/bn_exp.c
openssl,bc38a7d2d3c6082163c50ddf99464736110f2000,randtest,708dc2f1291e104fe4eef810bb8ffc1fae5b19c1,randtest,crypto/bn/bn_exp.c
openssl,bc38a7d2d3c6082163c50ddf99464736110f2000,rmdtest,708dc2f1291e104fe4eef810bb8ffc1fae5b19c1,rmdtest,crypto/bn/bn_exp.c
openssl,bc38a7d2d3c6082163c50ddf99464736110f2000,rsa_test,708dc2f1291e104fe4eef810bb8ffc1fae5b19c1,rsa_test,crypto/bn/bn_exp.c
openssl,bc38a7d2d3c6082163c50ddf99464736110f2000,sha1test,708dc2f1291e104fe4eef810bb8ffc1fae5b19c1,sha1test,crypto/bn/bn_exp.c
openssl,bc38a7d2d3c6082163c50ddf99464736110f2000,shatest,708dc2f1291e104fe4eef810bb8ffc1fae5b19c1,shatest,crypto/bn/bn_exp.c
openssl,bc38a7d2d3c6082163c50ddf99464736110f2000,srptest,708dc2f1291e104fe4eef810bb8ffc1fae5b19c1,srptest,crypto/bn/bn_exp.c
openssl,bc38a7d2d3c6082163c50ddf99464736110f2000,ssltest,708dc2f1291e104fe4eef810bb8ffc1fae5b19c1,ssltest,crypto/bn/bn_exp.c
openssl,bc38a7d2d3c6082163c50ddf99464736110f2000,sslv2conftest,708dc2f1291e104fe4eef810bb8ffc1fae5b19c1,sslv2conftest,crypto/bn/bn_exp.c
openssl,bc38a7d2d3c6082163c50ddf99464736110f2000,v3nametest,708dc2f1291e104fe4eef810bb8ffc1fae5b19c1,v3nametest,crypto/bn/bn_exp.c
openssl,bc38a7d2d3c6082163c50ddf99464736110f2000,verify_extra_test,708dc2f1291e104fe4eef810bb8ffc1fae5b19c1,verify_extra_test,crypto/bn/bn_exp.c
openssl,d81a1600588b726c2bdccda7efad3cc7a87d6245,bntest,878e2c5b13010329c203f309ed0c8f2113f85648,bntest,crypto/dh/dh_check.c
openssl,d81a1600588b726c2bdccda7efad3cc7a87d6245,clienthellotest,878e2c5b13010329c203f309ed0c8f2113f85648,clienthellotest,crypto/dh/dh_check.c
openssl,d81a1600588b726c2bdccda7efad3cc7a87d6245,dhtest,878e2c5b13010329c203f309ed0c8f2113f85648,dhtest,crypto/dh/dh_check.c
openssl,d81a1600588b726c2bdccda7efad3cc7a87d6245,dsatest,878e2c5b13010329c203f309ed0c8f2113f85648,dsatest,crypto/dh/dh_check.c
openssl,d81a1600588b726c2bdccda7efad3cc7a87d6245,ecdhtest,878e2c5b13010329c203f309ed0c8f2113f85648,ecdhtest,crypto/dh/dh_check.c
openssl,d81a1600588b726c2bdccda7efad3cc7a87d6245,ecdsatest,878e2c5b13010329c203f309ed0c8f2113f85648,ecdsatest,crypto/dh/dh_check.c
openssl,d81a1600588b726c2bdccda7efad3cc7a87d6245,ectest,878e2c5b13010329c203f309ed0c8f2113f85648,ectest,crypto/dh/dh_check.c
openssl,d81a1600588b726c2bdccda7efad3cc7a87d6245,enginetest,878e2c5b13010329c203f309ed0c8f2113f85648,enginetest,crypto/dh/dh_check.c
openssl,d81a1600588b726c2bdccda7efad3cc7a87d6245,evp_extra_test,878e2c5b13010329c203f309ed0c8f2113f85648,evp_extra_test,crypto/dh/dh_check.c
openssl,d81a1600588b726c2bdccda7efad3cc7a87d6245,evp_test,878e2c5b13010329c203f309ed0c8f2113f85648,evp_test,crypto/dh/dh_check.c
openssl,d81a1600588b726c2bdccda7efad3cc7a87d6245,exptest,878e2c5b13010329c203f309ed0c8f2113f85648,exptest,crypto/dh/dh_check.c
openssl,d81a1600588b726c2bdccda7efad3cc7a87d6245,hmactest,878e2c5b13010329c203f309ed0c8f2113f85648,hmactest,crypto/dh/dh_check.c
openssl,d81a1600588b726c2bdccda7efad3cc7a87d6245,igetest,878e2c5b13010329c203f309ed0c8f2113f85648,igetest,crypto/dh/dh_check.c
openssl,d81a1600588b726c2bdccda7efad3cc7a87d6245,md4test,878e2c5b13010329c203f309ed0c8f2113f85648,md4test,crypto/dh/dh_check.c
openssl,d81a1600588b726c2bdccda7efad3cc7a87d6245,md5test,878e2c5b13010329c203f309ed0c8f2113f85648,md5test,crypto/dh/dh_check.c
openssl,d81a1600588b726c2bdccda7efad3cc7a87d6245,mdc2test,878e2c5b13010329c203f309ed0c8f2113f85648,mdc2test,crypto/dh/dh_check.c
openssl,d81a1600588b726c2bdccda7efad3cc7a87d6245,randtest,878e2c5b13010329c203f309ed0c8f2113f85648,randtest,crypto/dh/dh_check.c
openssl,d81a1600588b726c2bdccda7efad3cc7a87d6245,rmdtest,878e2c5b13010329c203f309ed0c8f2113f85648,rmdtest,crypto/dh/dh_check.c
openssl,d81a1600588b726c2bdccda7efad3cc7a87d6245,rsa_test,878e2c5b13010329c203f309ed0c8f2113f85648,rsa_test,crypto/dh/dh_check.c
openssl,d81a1600588b726c2bdccda7efad3cc7a87d6245,sha1test,878e2c5b13010329c203f309ed0c8f2113f85648,sha1test,crypto/dh/dh_check.c
openssl,d81a1600588b726c2bdccda7efad3cc7a87d6245,shatest,878e2c5b13010329c203f309ed0c8f2113f85648,shatest,crypto/dh/dh_check.c
openssl,d81a1600588b726c2bdccda7efad3cc7a87d6245,srptest,878e2c5b13010329c203f309ed0c8f2113f85648,srptest,crypto/dh/dh_check.c
openssl,d81a1600588b726c2bdccda7efad3cc7a87d6245,ssltest,878e2c5b13010329c203f309ed0c8f2113f85648,ssltest,crypto/dh/dh_check.c
openssl,d81a1600588b726c2bdccda7efad3cc7a87d6245,v3nametest,878e2c5b13010329c203f309ed0c8f2113f85648,v3nametest,crypto/dh/dh_check.c
openssl,d81a1600588b726c2bdccda7efad3cc7a87d6245,verify_extra_test,878e2c5b13010329c203f309ed0c8f2113f85648,verify_extra_test,crypto/dh/dh_check.c
openssl,f1f4fbde2ad48bd6cd61c2d054c4efcd9dcc73e6,heartbeat_test,1632ef744872edc2aa2a53d487d3e79c965a4ad3,heartbeat_test,ssl/d1_both.c
openssl,f1f4fbde2ad48bd6cd61c2d054c4efcd9dcc73e6,ssltest,1632ef744872edc2aa2a53d487d3e79c965a4ad3,ssltest,ssl/d1_both.c
openssl,3665fa25436f55f9ed401ae92c2f3862fb10d952,clienthellotest,d81a1600588b726c2bdccda7efad3cc7a87d6245,clienthellotest,ssl/s2_srvr.c
openssl,3665fa25436f55f9ed401ae92c2f3862fb10d952,ssltest,d81a1600588b726c2bdccda7efad3cc7a87d6245,ssltest,ssl/s2_srvr.c
openssl,d1a64149b061172d120559aea289498ec680b497,bad_dtls_test,349a41da1ad88ad87825414752a8ff5fdd6a6c3f,bad_dtls_test,crypto/rsa/rsa_gen.c
openssl,d1a64149b061172d120559aea289498ec680b497,bntest,349a41da1ad88ad87825414752a8ff5fdd6a6c3f,bntest,crypto/rsa/rsa_gen.c
openssl,d1a64149b061172d120559aea289498ec680b497,clienthellotest,349a41da1ad88ad87825414752a8ff5fdd6a6c3f,clienthellotest,crypto/rsa/rsa_gen.c
openssl,d1a64149b061172d120559aea289498ec680b497,dhtest,349a41da1ad88ad87825414752a8ff5fdd6a6c3f,dhtest,crypto/rsa/rsa_gen.c
openssl,d1a64149b061172d120559aea289498ec680b497,dsatest,349a41da1ad88ad87825414752a8ff5fdd6a6c3f,dsatest,crypto/rsa/rsa_gen.c
openssl,d1a64149b061172d120559aea289498ec680b497,dtlstest,349a41da1ad88ad87825414752a8ff5fdd6a6c3f,dtlstest,crypto/rsa/rsa_gen.c
openssl,d1a64149b061172d120559aea289498ec680b497,ecdhtest,349a41da1ad88ad87825414752a8ff5fdd6a6c3f,ecdhtest,crypto/rsa/rsa_gen.c
openssl,d1a64149b061172d120559aea289498ec680b497,ecdsatest,349a41da1ad88ad87825414752a8ff5fdd6a6c3f,ecdsatest,crypto/rsa/rsa_gen.c
openssl,d1a64149b061172d120559aea289498ec680b497,ectest,349a41da1ad88ad87825414752a8ff5fdd6a6c3f,ectest,crypto/rsa/rsa_gen.c
openssl,d1a64149b061172d120559aea289498ec680b497,enginetest,349a41da1ad88ad87825414752a8ff5fdd6a6c3f,enginetest,crypto/rsa/rsa_gen.c
openssl,d1a64149b061172d120559aea289498ec680b497,evp_extra_test,349a41da1ad88ad87825414752a8ff5fdd6a6c3f,evp_extra_test,crypto/rsa/rsa_gen.c
openssl,d1a64149b061172d120559aea289498ec680b497,evp_test,349a41da1ad88ad87825414752a8ff5fdd6a6c3f,evp_test,crypto/rsa/rsa_gen.c
openssl,d1a64149b061172d120559aea289498ec680b497,exptest,349a41da1ad88ad87825414752a8ff5fdd6a6c3f,exptest,crypto/rsa/rsa_gen.c
openssl,d1a64149b061172d120559aea289498ec680b497,fatalerrtest,349a41da1ad88ad87825414752a8ff5fdd6a6c3f,fatalerrtest,crypto/rsa/rsa_gen.c
openssl,d1a64149b061172d120559aea289498ec680b497,hmactest,349a41da1ad88ad87825414752a8ff5fdd6a6c3f,hmactest,crypto/rsa/rsa_gen.c
openssl,d1a64149b061172d120559aea289498ec680b497,igetest,349a41da1ad88ad87825414752a8ff5fdd6a6c3f,igetest,crypto/rsa/rsa_gen.c
openssl,d1a64149b061172d120559aea289498ec680b497,md4test,349a41da1ad88ad87825414752a8ff5fdd6a6c3f,md4test,crypto/rsa/rsa_gen.c
openssl,d1a64149b061172d120559aea289498ec680b497,md5test,349a41da1ad88ad87825414752a8ff5fdd6a6c3f,md5test,crypto/rsa/rsa_gen.c
openssl,d1a64149b061172d120559aea289498ec680b497,mdc2test,349a41da1ad88ad87825414752a8ff5fdd6a6c3f,mdc2test,crypto/rsa/rsa_gen.c
openssl,d1a64149b061172d120559aea289498ec680b497,randtest,349a41da1ad88ad87825414752a8ff5fdd6a6c3f,randtest,crypto/rsa/rsa_gen.c
openssl,d1a64149b061172d120559aea289498ec680b497,rmdtest,349a41da1ad88ad87825414752a8ff5fdd6a6c3f,rmdtest,crypto/rsa/rsa_gen.c
openssl,d1a64149b061172d120559aea289498ec680b497,rsa_test,349a41da1ad88ad87825414752a8ff5fdd6a6c3f,rsa_test,crypto/rsa/rsa_gen.c
openssl,d1a64149b061172d120559aea289498ec680b497,sha1test,349a41da1ad88ad87825414752a8ff5fdd6a6c3f,sha1test,crypto/rsa/rsa_gen.c
openssl,d1a64149b061172d120559aea289498ec680b497,shatest,349a41da1ad88ad87825414752a8ff5fdd6a6c3f,shatest,crypto/rsa/rsa_gen.c
openssl,d1a64149b061172d120559aea289498ec680b497,srptest,349a41da1ad88ad87825414752a8ff5fdd6a6c3f,srptest,crypto/rsa/rsa_gen.c
openssl,d1a64149b061172d120559aea289498ec680b497,ssltest,349a41da1ad88ad87825414752a8ff5fdd6a6c3f,ssltest,crypto/rsa/rsa_gen.c
openssl,d1a64149b061172d120559aea289498ec680b497,sslv2conftest,349a41da1ad88ad87825414752a8ff5fdd6a6c3f,sslv2conftest,crypto/rsa/rsa_gen.c
openssl,d1a64149b061172d120559aea289498ec680b497,v3nametest,349a41da1ad88ad87825414752a8ff5fdd6a6c3f,v3nametest,crypto/rsa/rsa_gen.c
openssl,d1a64149b061172d120559aea289498ec680b497,verify_extra_test,349a41da1ad88ad87825414752a8ff5fdd6a6c3f,verify_extra_test,crypto/rsa/rsa_gen.c
openssl,896e8c5713b50ff2ef1478d5c6709874ce57cf05,60-test_x509_time,43e6a58d4991a451daf4891ff05a48735df871ac,60-test_x509_time,crypto/dsa/dsa_ossl.c
openssl,bd45a8d1ef338027e6892a7c886a373a4fafbf7d,60-test_x509_time,3984ef0b72831da8b3ece4745cac4f8575b19098,60-test_x509_time,crypto/dh/dh_key.c
